序号,科目,资料层级,资料类型,规范文件名,目标路径,原文件名,来源路径,SHA256,大小MB
1,Web编程基础,原始资料,压缩包,Web编程基础_压缩包_Web综合大作业.zip,/Users/jerry/Desktop/期末复习/资料库/05_Web编程基础/02_原始资料/99_压缩包/Web编程基础_压缩包_Web综合大作业.zip,web综合大作业.zip,/Users/jerry/Downloads/复习/web综合大作业.zip,未计算（大小唯一）,0.00
2,Web编程基础,原始资料,压缩包,Web编程基础_压缩包_Web课件.zip,/Users/jerry/Desktop/期末复习/资料库/05_Web编程基础/02_原始资料/99_压缩包/Web编程基础_压缩包_Web课件.zip,web课件.zip,/Users/jerry/Downloads/复习/web课件.zip,未计算（大小唯一）,25.58
3,Web编程基础,原始资料,模拟卷,Web编程基础期末模拟卷A卷.docx,/Users/jerry/Desktop/期末复习/资料库/05_Web编程基础/02_原始资料/05_模拟卷/Web编程基础期末模拟卷A卷.docx,Web编程基础期末模拟卷A卷.docx,/Users/jerry/Downloads/大一下期末/Web编程基础期末模拟卷A卷.docx,未计算（大小唯一）,0.06
4,Web编程基础,原始资料,模拟卷,Web编程基础期末模拟卷B卷.docx,/Users/jerry/Desktop/期末复习/资料库/05_Web编程基础/02_原始资料/05_模拟卷/Web编程基础期末模拟卷B卷.docx,Web编程基础期末模拟卷B卷.docx,/Users/jerry/Downloads/大一下期末/Web编程基础期末模拟卷B卷.docx,未计算（大小唯一）,0.07
5,Web编程基础,原始资料,源文件,Web编程基础_考前复习知识点讲义.tex,/Users/jerry/Desktop/期末复习/资料库/05_Web编程基础/02_原始资料/90_源文件/Web编程基础_考前复习知识点讲义.tex,Web编程基础_考前复习知识点讲义.tex,/Users/jerry/Desktop/期末复习/Web编程基础/源文件/Web编程基础_考前复习知识点讲义.tex,未计算（大小唯一）,0.02
6,Web编程基础,原始资料,真题,Web编程基础B卷.pdf,/Users/jerry/Desktop/期末复习/资料库/05_Web编程基础/02_原始资料/01_样卷与真题/Web编程基础B卷.pdf,《Web编程基础》B卷_202506211228_23497(1).pdf,/Users/jerry/Downloads/复习/23年真题/《Web编程基础》B卷_202506211228_23497(1).pdf,未计算（大小唯一）,1.26
7,Web编程基础,原始资料,真题,Web编程基础_真题_Web-24真题.pdf,/Users/jerry/Desktop/期末复习/资料库/05_Web编程基础/02_原始资料/01_样卷与真题/Web编程基础_真题_Web-24真题.pdf,web-24真题.pdf,/Users/jerry/Downloads/大一下期末/web-24真题.pdf,a49e18baa8a670be366fd67d881a83739a348bb33851864bf0dacb0f0506b45c,0.26
8,Web编程基础,原始资料,网页源码,Web期末复习文档.html,/Users/jerry/Desktop/期末复习/资料库/05_Web编程基础/02_原始资料/08_网页与源码/Web期末复习文档.html,Web期末复习文档.html,/Users/jerry/Downloads/大一下期末/Web期末复习文档.html,884d4e48660d75f2cc898b4f438484c658ddffe9521e5abf3ee0080a4b31fde4,0.16
9,Web编程基础,原始资料,网页源码,Web编程基础_网页源码_JS期末复习文档.html,/Users/jerry/Desktop/期末复习/资料库/05_Web编程基础/02_原始资料/08_网页与源码/Web编程基础_网页源码_JS期末复习文档.html,JS期末复习文档.html,/Users/jerry/Downloads/大一下期末/JS期末复习文档.html,未计算（大小唯一）,0.42
10,Web编程基础,原始资料,题库练习,Web编程基础_题库练习_Web题.pdf,/Users/jerry/Desktop/期末复习/资料库/05_Web编程基础/02_原始资料/03_题库与练习/Web编程基础_题库练习_Web题.pdf,Web题.pdf,/Users/jerry/Downloads/复习/Web题.pdf,未计算（大小唯一）,0.48
11,Web编程基础,成品复习包,成品复习包,Web编程基础_期末复习包.zip,/Users/jerry/Desktop/期末复习/资料库/05_Web编程基础/00_成品复习包/Web编程基础_期末复习包.zip,Web编程基础.zip,/Users/jerry/Desktop/期末复习/Web编程基础.zip,未计算（大小唯一）,0.53
12,Web编程基础,成品复习包,成品复习包,Web编程基础_模拟卷一_含答案解析.pdf,/Users/jerry/Desktop/期末复习/资料库/05_Web编程基础/00_成品复习包/Web编程基础_模拟卷一_含答案解析.pdf,Web编程基础_模拟卷一_含答案解析.pdf,/Users/jerry/Desktop/期末复习/Web编程基础/Web编程基础_模拟卷一_含答案解析.pdf,未计算（大小唯一）,0.22
13,Web编程基础,成品复习包,成品复习包,Web编程基础_模拟卷二_含答案解析.pdf,/Users/jerry/Desktop/期末复习/资料库/05_Web编程基础/00_成品复习包/Web编程基础_模拟卷二_含答案解析.pdf,Web编程基础_模拟卷二_含答案解析.pdf,/Users/jerry/Desktop/期末复习/Web编程基础/Web编程基础_模拟卷二_含答案解析.pdf,未计算（大小唯一）,0.18
14,Web编程基础,成品复习包,成品复习包,Web编程基础_考前复习知识点讲义.pdf,/Users/jerry/Desktop/期末复习/资料库/05_Web编程基础/00_成品复习包/Web编程基础_考前复习知识点讲义.pdf,Web编程基础_考前复习知识点讲义.pdf,/Users/jerry/Desktop/期末复习/Web编程基础/Web编程基础_考前复习知识点讲义.pdf,未计算（大小唯一）,0.24
15,大学物理,原始资料,压缩包,大学物理.zip,/Users/jerry/Desktop/期末复习/资料库/03_大学物理/02_原始资料/99_压缩包/大学物理.zip,大学物理.zip,/Users/jerry/Downloads/复习/大学物理.zip,未计算（大小唯一）,56.53
16,大学物理,原始资料,压缩包,大学物理_压缩包_2023大学物理课件.zip,/Users/jerry/Desktop/期末复习/资料库/03_大学物理/02_原始资料/99_压缩包/大学物理_压缩包_2023大学物理课件.zip,8849925093892b3b06d1459d70dbb904_5602940803200887773_m.zip,/Users/jerry/Downloads/大一下期末/8849925093892b3b06d1459d70dbb904_5602940803200887773_m.zip,未计算（大小唯一）,49.96
17,大学物理,原始资料,模拟卷,大学物理模拟题.md,/Users/jerry/Desktop/期末复习/资料库/03_大学物理/02_原始资料/05_模拟卷/大学物理模拟题.md,大物理模拟题.md,/Users/jerry/Downloads/大一下期末/大物理模拟题.md,未计算（大小唯一）,0.02
18,大学物理,原始资料,模拟卷,大物模拟题2.md,/Users/jerry/Desktop/期末复习/资料库/03_大学物理/02_原始资料/05_模拟卷/大物模拟题2.md,大物模拟题2.md,/Users/jerry/Downloads/大一下期末/大物模拟题2.md,未计算（大小唯一）,0.02
19,大学物理,原始资料,源文件,大学物理_考前复习知识点讲义.tex,/Users/jerry/Desktop/期末复习/资料库/03_大学物理/02_原始资料/90_源文件/大学物理_考前复习知识点讲义.tex,大学物理_考前复习知识点讲义.tex,/Users/jerry/Desktop/期末复习/大学物理/源文件/大学物理_考前复习知识点讲义.tex,未计算（大小唯一）,0.04
20,大学物理,原始资料,真题,大学物理-23真题.pdf,/Users/jerry/Desktop/期末复习/资料库/03_大学物理/02_原始资料/01_样卷与真题/大学物理-23真题.pdf,大雾-23真题.pdf,/Users/jerry/Desktop/期末复习/大学物理/源文件/大雾-23真题.pdf,52b13d11e6d1b7f8ab0c7977a9d0761244b95589320eb7eb7801eceecfa8e7dc,0.24
21,大学物理,原始资料,笔记总结,大学物理_笔记总结_大学物理A知识整理(3)电磁学.pdf,/Users/jerry/Desktop/期末复习/资料库/03_大学物理/02_原始资料/05_笔记与总结/大学物理_笔记总结_大学物理A知识整理(3)电磁学.pdf,大学物理A知识整理（3）电磁学.pdf,/Users/jerry/Downloads/大一下期末/大学物理A知识整理（3）电磁学.pdf,876b90992c8e08185d8067f28ccd2601bfeb3c10dc07d620c39bbe3a97ee17cc,2.67
22,大学物理,原始资料,课件,大学物理_课件_2023位移电流.pdf,/Users/jerry/Desktop/期末复习/资料库/03_大学物理/02_原始资料/02_课件/大学物理_课件_2023位移电流.pdf,2023 位移电流.pdf,/Users/jerry/Downloads/复习/2023大物课件/2023 位移电流.pdf,未计算（大小唯一）,1.64
23,大学物理,原始资料,课件,大学物理_课件_2023大学物理-库仑定律.pdf,/Users/jerry/Desktop/期末复习/资料库/03_大学物理/02_原始资料/02_课件/大学物理_课件_2023大学物理-库仑定律.pdf,2023大学物理-库仑定律.pdf,/Users/jerry/Downloads/复习/2023大物课件/2023大学物理-库仑定律.pdf,未计算（大小唯一）,5.59
24,大学物理,原始资料,课件,大学物理_课件_2023大学物理安培定律.pdf,/Users/jerry/Desktop/期末复习/资料库/03_大学物理/02_原始资料/02_课件/大学物理_课件_2023大学物理安培定律.pdf,2023 大学物理安培定律.pdf,/Users/jerry/Downloads/复习/2023大物课件/2023 大学物理安培定律.pdf,未计算（大小唯一）,1.81
25,大学物理,原始资料,课件,大学物理_课件_2023大学物理恒定电流磁感应强度.pdf,/Users/jerry/Desktop/期末复习/资料库/03_大学物理/02_原始资料/02_课件/大学物理_课件_2023大学物理恒定电流磁感应强度.pdf,2023 大学物理恒定电流 磁感应强度.pdf,/Users/jerry/Downloads/复习/2023大物课件/2023 大学物理恒定电流 磁感应强度.pdf,未计算（大小唯一）,4.19
26,大学物理,原始资料,课件,大学物理_课件_2023大学物理毕奥萨伐尔定律.pdf,/Users/jerry/Desktop/期末复习/资料库/03_大学物理/02_原始资料/02_课件/大学物理_课件_2023大学物理毕奥萨伐尔定律.pdf,2023 大学物理 毕奥萨伐尔定律.pdf,/Users/jerry/Downloads/复习/2023大物课件/2023 大学物理 毕奥萨伐尔定律.pdf,未计算（大小唯一）,2.89
27,大学物理,原始资料,课件,大学物理_课件_2023大学物理电势.pdf,/Users/jerry/Desktop/期末复习/资料库/03_大学物理/02_原始资料/02_课件/大学物理_课件_2023大学物理电势.pdf,2023大学物理电势.pdf,/Users/jerry/Downloads/复习/2023大物课件/2023大学物理电势.pdf,未计算（大小唯一）,2.95
28,大学物理,原始资料,课件,大学物理_课件_2023大学物理电场强度.pdf,/Users/jerry/Desktop/期末复习/资料库/03_大学物理/02_原始资料/02_课件/大学物理_课件_2023大学物理电场强度.pdf,2023大学物理电场强度.pdf,/Users/jerry/Downloads/复习/2023大物课件/2023大学物理电场强度.pdf,未计算（大小唯一）,3.34
29,大学物理,原始资料,课件,大学物理_课件_2023大学物理电容电介质.pdf,/Users/jerry/Desktop/期末复习/资料库/03_大学物理/02_原始资料/02_课件/大学物理_课件_2023大学物理电容电介质.pdf,2023大学物理电容电介质.pdf,/Users/jerry/Downloads/复习/2023大物课件/2023大学物理电容电介质.pdf,未计算（大小唯一）,3.42
30,大学物理,原始资料,课件,大学物理_课件_2023大学物理磁场的高斯定理和安培环路定理.pdf,/Users/jerry/Desktop/期末复习/资料库/03_大学物理/02_原始资料/02_课件/大学物理_课件_2023大学物理磁场的高斯定理和安培环路定理.pdf,2023 大学物理 磁场的高斯定理和安培环路定理.pdf,/Users/jerry/Downloads/复习/2023大物课件/2023 大学物理 磁场的高斯定理和安培环路定理.pdf,未计算（大小唯一）,6.01
31,大学物理,原始资料,课件,大学物理_课件_2023大学物理绪论和7.1.pdf,/Users/jerry/Desktop/期末复习/资料库/03_大学物理/02_原始资料/02_课件/大学物理_课件_2023大学物理绪论和7.1.pdf,2023大学物理绪论和7.1.pdf,/Users/jerry/Downloads/复习/2023大物课件/2023大学物理绪论和7.1.pdf,未计算（大小唯一）,5.38
32,大学物理,原始资料,课件,大学物理_课件_2023大学物理高斯定理.pdf,/Users/jerry/Desktop/期末复习/资料库/03_大学物理/02_原始资料/02_课件/大学物理_课件_2023大学物理高斯定理.pdf,2023大学物理高斯定理.pdf,/Users/jerry/Downloads/复习/2023大物课件/2023大学物理高斯定理.pdf,未计算（大小唯一）,4.35
33,大学物理,原始资料,课件,大学物理_课件_2023电场与电势的关系.pdf,/Users/jerry/Desktop/期末复习/资料库/03_大学物理/02_原始资料/02_课件/大学物理_课件_2023电场与电势的关系.pdf,2023 电场与电势的关系.pdf,/Users/jerry/Downloads/复习/2023大物课件/2023 电场与电势的关系.pdf,未计算（大小唯一）,4.52
34,大学物理,原始资料,课件,大学物理_课件_2023电磁感应.pdf,/Users/jerry/Desktop/期末复习/资料库/03_大学物理/02_原始资料/02_课件/大学物理_课件_2023电磁感应.pdf,2023 电磁感应.pdf,/Users/jerry/Downloads/复习/2023大物课件/2023 电磁感应.pdf,未计算（大小唯一）,3.92
35,大学物理,原始资料,课件,大学物理_课件_2023磁场中的磁介质.pdf,/Users/jerry/Desktop/期末复习/资料库/03_大学物理/02_原始资料/02_课件/大学物理_课件_2023磁场中的磁介质.pdf,2023 磁场中的磁介质.pdf,/Users/jerry/Downloads/复习/2023大物课件/2023 磁场中的磁介质.pdf,未计算（大小唯一）,2.11
36,大学物理,原始资料,课件,大学物理_课件_2023磁场对运动电荷的作用.pdf,/Users/jerry/Desktop/期末复习/资料库/03_大学物理/02_原始资料/02_课件/大学物理_课件_2023磁场对运动电荷的作用.pdf,2023 磁场对运动电荷的作用.pdf,/Users/jerry/Downloads/复习/2023大物课件/2023 磁场对运动电荷的作用.pdf,未计算（大小唯一）,4.76
37,大学物理,原始资料,题库练习,大学物理-24练习.pdf,/Users/jerry/Desktop/期末复习/资料库/03_大学物理/02_原始资料/03_题库与练习/大学物理-24练习.pdf,大雾-24练习.pdf,/Users/jerry/Desktop/期末复习/大学物理/源文件/大雾-24练习.pdf,45d887ed272f31e4454f4107ee3c1958b0109b8d0be3c236c06e75cc884cb006,0.76
38,大学物理,原始资料,题库练习,大学物理-不知道哪年的练习.pdf,/Users/jerry/Desktop/期末复习/资料库/03_大学物理/02_原始资料/03_题库与练习/大学物理-不知道哪年的练习.pdf,大雾-不知道哪年的练习.pdf,/Users/jerry/Downloads/大一下期末/大雾-不知道哪年的练习.pdf,a9c1a48e2672c5225950b83df6f15cf911d5a1a757ca1c9540dbc531e03d455a,2.46
39,大学物理,原始资料,题库练习,大学物理B_练习题.pdf,/Users/jerry/Desktop/期末复习/资料库/03_大学物理/02_原始资料/03_题库与练习/大学物理B_练习题.pdf,大学物理B_练习题.pdf,/Users/jerry/Downloads/大一下期末/大学物理B_练习题.pdf,c3f0322f86ab3adc05b4b5d9adb8ee601ff22a1c7628668867627e87b3145f6a,5.41
40,大学物理,原始资料,题库练习,大学物理题库2019.pdf,/Users/jerry/Desktop/期末复习/资料库/03_大学物理/02_原始资料/03_题库与练习/大学物理题库2019.pdf,大学物理题库2019_202506091011_25775(1)_202605051709_57263.pdf,/Users/jerry/Downloads/大一下期末/大学物理题库2019_202506091011_25775(1)_202605051709_57263.pdf,f4b20f27fdd42f10977aaff91ee4153659d6a5ef6010ba4cec3b388078176402,2.22
41,大学物理,成品复习包,成品复习包,大学物理_期末复习包.zip,/Users/jerry/Desktop/期末复习/资料库/03_大学物理/00_成品复习包/大学物理_期末复习包.zip,大学物理.zip,/Users/jerry/Desktop/期末复习/大学物理.zip,未计算（大小唯一）,1.51
42,大学物理,成品复习包,成品复习包,大学物理_模拟卷一_含答案解析.pdf,/Users/jerry/Desktop/期末复习/资料库/03_大学物理/00_成品复习包/大学物理_模拟卷一_含答案解析.pdf,大学物理_模拟卷一_含答案解析.pdf,/Users/jerry/Desktop/期末复习/大学物理/大学物理_模拟卷一_含答案解析.pdf,未计算（大小唯一）,0.17
43,大学物理,成品复习包,成品复习包,大学物理_模拟卷二_含答案解析.pdf,/Users/jerry/Desktop/期末复习/资料库/03_大学物理/00_成品复习包/大学物理_模拟卷二_含答案解析.pdf,大学物理_模拟卷二_含答案解析.pdf,/Users/jerry/Desktop/期末复习/大学物理/大学物理_模拟卷二_含答案解析.pdf,未计算（大小唯一）,0.17
44,大学物理,成品复习包,成品复习包,大学物理_考前复习知识点讲义.pdf,/Users/jerry/Desktop/期末复习/资料库/03_大学物理/00_成品复习包/大学物理_考前复习知识点讲义.pdf,大学物理_考前复习知识点讲义.pdf,/Users/jerry/Desktop/期末复习/大学物理/大学物理_考前复习知识点讲义.pdf,未计算（大小唯一）,0.34
45,思想道德与法治,原始资料,真题,思修2025年冬最新考试习题库.pdf,/Users/jerry/Desktop/期末复习/资料库/12_思想道德与法治/02_原始资料/01_样卷与真题/思修2025年冬最新考试习题库.pdf,思修2025年冬最新考试习题库.pdf,/Users/jerry/Downloads/复习/23年真题/思修2025年冬最新考试习题库.pdf,未计算（大小唯一）,1.51
46,思想道德与法治,原始资料,真题,思修2025年冬最新考试重点.pdf,/Users/jerry/Desktop/期末复习/资料库/12_思想道德与法治/02_原始资料/01_样卷与真题/思修2025年冬最新考试重点.pdf,思修2025年冬最新考试重点.pdf,/Users/jerry/Downloads/复习/23年真题/思修2025年冬最新考试重点.pdf,未计算（大小唯一）,2.15
47,数据库系统,原始资料,图片资料,数据库系统_图片资料_0B0B315A6E33C0F2DDB3D06E5D3D04DE.png,/Users/jerry/Desktop/期末复习/资料库/06_数据库系统/02_原始资料/98_图片资料/数据库系统_图片资料_0B0B315A6E33C0F2DDB3D06E5D3D04DE.png,0B0B315A6E33C0F2DDB3D06E5D3D04DE.PNG,/Users/jerry/Desktop/期末复习/数据库/源文件/0B0B315A6E33C0F2DDB3D06E5D3D04DE.PNG,未计算（大小唯一）,0.20
48,数据库系统,原始资料,图片资料,数据库系统_图片资料_0C5DC452BE5573590AF70153017EC686.png,/Users/jerry/Desktop/期末复习/资料库/06_数据库系统/02_原始资料/98_图片资料/数据库系统_图片资料_0C5DC452BE5573590AF70153017EC686.png,0C5DC452BE5573590AF70153017EC686.PNG,/Users/jerry/Desktop/期末复习/数据库/源文件/0C5DC452BE5573590AF70153017EC686.PNG,未计算（大小唯一）,0.26
49,数据库系统,原始资料,图片资料,数据库系统_图片资料_23CF144BA734F9CD816756D667D8CFBA.png,/Users/jerry/Desktop/期末复习/资料库/06_数据库系统/02_原始资料/98_图片资料/数据库系统_图片资料_23CF144BA734F9CD816756D667D8CFBA.png,23CF144BA734F9CD816756D667D8CFBA.PNG,/Users/jerry/Desktop/期末复习/数据库/源文件/23CF144BA734F9CD816756D667D8CFBA.PNG,未计算（大小唯一）,0.05
50,数据库系统,原始资料,图片资料,数据库系统_图片资料_574B446F92DD1E6FAE2370C25A8EF33E.png,/Users/jerry/Desktop/期末复习/资料库/06_数据库系统/02_原始资料/98_图片资料/数据库系统_图片资料_574B446F92DD1E6FAE2370C25A8EF33E.png,574B446F92DD1E6FAE2370C25A8EF33E.PNG,/Users/jerry/Desktop/期末复习/数据库/源文件/574B446F92DD1E6FAE2370C25A8EF33E.PNG,未计算（大小唯一）,0.20
51,数据库系统,原始资料,图片资料,数据库系统_图片资料_7B288E1FE649516771C7F88F27F9AEFC.png,/Users/jerry/Desktop/期末复习/资料库/06_数据库系统/02_原始资料/98_图片资料/数据库系统_图片资料_7B288E1FE649516771C7F88F27F9AEFC.png,7B288E1FE649516771C7F88F27F9AEFC.PNG,/Users/jerry/Desktop/期末复习/数据库/源文件/7B288E1FE649516771C7F88F27F9AEFC.PNG,未计算（大小唯一）,0.22
52,数据库系统,原始资料,图片资料,数据库系统_图片资料_9764BDBE4C8E90C8579889D3016C4EB6.png,/Users/jerry/Desktop/期末复习/资料库/06_数据库系统/02_原始资料/98_图片资料/数据库系统_图片资料_9764BDBE4C8E90C8579889D3016C4EB6.png,9764BDBE4C8E90C8579889D3016C4EB6.PNG,/Users/jerry/Desktop/期末复习/数据库/源文件/9764BDBE4C8E90C8579889D3016C4EB6.PNG,未计算（大小唯一）,0.16
53,数据库系统,原始资料,图片资料,数据库系统_图片资料_E93B72BE9C8833F720AEC7B827AAF99B.png,/Users/jerry/Desktop/期末复习/资料库/06_数据库系统/02_原始资料/98_图片资料/数据库系统_图片资料_E93B72BE9C8833F720AEC7B827AAF99B.png,E93B72BE9C8833F720AEC7B827AAF99B.PNG,/Users/jerry/Desktop/期末复习/数据库/源文件/E93B72BE9C8833F720AEC7B827AAF99B.PNG,未计算（大小唯一）,0.19
54,数据库系统,原始资料,图片资料,数据库系统_图片资料_F852D81D9AA413A817C02DBE30DA07DA.png,/Users/jerry/Desktop/期末复习/资料库/06_数据库系统/02_原始资料/98_图片资料/数据库系统_图片资料_F852D81D9AA413A817C02DBE30DA07DA.png,F852D81D9AA413A817C02DBE30DA07DA.PNG,/Users/jerry/Desktop/期末复习/数据库/源文件/F852D81D9AA413A817C02DBE30DA07DA.PNG,未计算（大小唯一）,0.19
55,数据库系统,原始资料,课件,数据库系统_课件_00-课前的话.pptx,/Users/jerry/Desktop/期末复习/资料库/06_数据库系统/02_原始资料/02_课件/数据库系统_课件_00-课前的话.pptx,00-课前的话.pptx,/Users/jerry/Desktop/期末复习/数据库/源文件/00-课前的话.pptx,未计算（大小唯一）,0.34
56,数据库系统,原始资料,课件,数据库系统_课件_01-绪论.pptx,/Users/jerry/Desktop/期末复习/资料库/06_数据库系统/02_原始资料/02_课件/数据库系统_课件_01-绪论.pptx,01-绪论.pptx,/Users/jerry/Desktop/期末复习/数据库/源文件/01-绪论.pptx,未计算（大小唯一）,0.73
57,数据库系统,原始资料,课件,数据库系统_课件_02-关系数据库.pptx,/Users/jerry/Desktop/期末复习/资料库/06_数据库系统/02_原始资料/02_课件/数据库系统_课件_02-关系数据库.pptx,02-关系数据库.pptx,/Users/jerry/Desktop/期末复习/数据库/源文件/02-关系数据库.pptx,未计算（大小唯一）,0.74
58,数据库系统,原始资料,课件,数据库系统_课件_03-2数据查询1.pptx,/Users/jerry/Desktop/期末复习/资料库/06_数据库系统/02_原始资料/02_课件/数据库系统_课件_03-2数据查询1.pptx,03-2数据查询1.pptx,/Users/jerry/Desktop/期末复习/数据库/源文件/03-2数据查询1.pptx,未计算（大小唯一）,0.72
59,数据库系统,原始资料,课件,数据库系统_课件_03-2数据查询2.pptx,/Users/jerry/Desktop/期末复习/资料库/06_数据库系统/02_原始资料/02_课件/数据库系统_课件_03-2数据查询2.pptx,03-2数据查询2.pptx,/Users/jerry/Desktop/期末复习/数据库/源文件/03-2数据查询2.pptx,未计算（大小唯一）,0.54
60,数据库系统,原始资料,课件,数据库系统_课件_03-3数据更新和视图.pptx,/Users/jerry/Desktop/期末复习/资料库/06_数据库系统/02_原始资料/02_课件/数据库系统_课件_03-3数据更新和视图.pptx,03-3数据更新和视图.pptx,/Users/jerry/Desktop/期末复习/数据库/源文件/03-3数据更新和视图.pptx,未计算（大小唯一）,0.65
61,数据库系统,原始资料,课件,数据库系统_课件_03-4-复习案例.ppt,/Users/jerry/Desktop/期末复习/资料库/06_数据库系统/02_原始资料/02_课件/数据库系统_课件_03-4-复习案例.ppt,03-4-复习案例.ppt,/Users/jerry/Desktop/期末复习/数据库/源文件/03-4-复习案例.ppt,未计算（大小唯一）,1.62
62,数据库系统,原始资料,课件,数据库系统_课件_04-数据库安全性.pptx,/Users/jerry/Desktop/期末复习/资料库/06_数据库系统/02_原始资料/02_课件/数据库系统_课件_04-数据库安全性.pptx,04-数据库安全性.pptx,/Users/jerry/Desktop/期末复习/数据库/源文件/04-数据库安全性.pptx,未计算（大小唯一）,0.70
63,数据库系统,原始资料,课件,数据库系统_课件_06-关系数据理论.pptx,/Users/jerry/Desktop/期末复习/资料库/06_数据库系统/02_原始资料/02_课件/数据库系统_课件_06-关系数据理论.pptx,06-关系数据理论.pptx,/Users/jerry/Desktop/期末复习/数据库/源文件/06-关系数据理论.pptx,未计算（大小唯一）,0.79
64,数据库系统,原始资料,课件,数据库系统_课件_07-1数据库设计-最新.pptx,/Users/jerry/Desktop/期末复习/资料库/06_数据库系统/02_原始资料/02_课件/数据库系统_课件_07-1数据库设计-最新.pptx,07-1数据库设计-最新.pptx,/Users/jerry/Desktop/期末复习/数据库/源文件/07-1数据库设计-最新.pptx,未计算（大小唯一）,2.05
65,数据库系统,原始资料,课件,数据库系统_课件_07-1数据库设计.pptx,/Users/jerry/Desktop/期末复习/资料库/06_数据库系统/02_原始资料/02_课件/数据库系统_课件_07-1数据库设计.pptx,07-1数据库设计.pptx,/Users/jerry/Desktop/期末复习/数据库/源文件/07-1数据库设计.pptx,未计算（大小唯一）,2.07
66,数据库系统,原始资料,课件,数据库系统_课件_11-数据库恢复技术.pptx,/Users/jerry/Desktop/期末复习/资料库/06_数据库系统/02_原始资料/02_课件/数据库系统_课件_11-数据库恢复技术.pptx,11-数据库恢复技术.pptx,/Users/jerry/Desktop/期末复习/数据库/源文件/11-数据库恢复技术.pptx,未计算（大小唯一）,0.71
67,数据库系统,原始资料,课件,数据库系统_课件_12-并发控制.pptx,/Users/jerry/Desktop/期末复习/资料库/06_数据库系统/02_原始资料/02_课件/数据库系统_课件_12-并发控制.pptx,12-并发控制.pptx,/Users/jerry/Desktop/期末复习/数据库/源文件/12-并发控制.pptx,未计算（大小唯一）,0.50
68,数据库系统,成品复习包,成品复习包,数据库系统_期末复习包.zip,/Users/jerry/Desktop/期末复习/资料库/06_数据库系统/00_成品复习包/数据库系统_期末复习包.zip,数据库系统_期末复习包.zip,/Users/jerry/Desktop/期末复习/数据库系统_期末复习包.zip,未计算（大小唯一）,0.57
69,数据库系统,成品复习包,成品复习包,数据库系统_模拟卷一_含答案解析.pdf,/Users/jerry/Desktop/期末复习/资料库/06_数据库系统/00_成品复习包/数据库系统_模拟卷一_含答案解析.pdf,数据库系统_模拟卷一_含答案解析.pdf,/Users/jerry/Desktop/期末复习/数据库/数据库系统_模拟卷一_含答案解析.pdf,未计算（大小唯一）,0.17
70,数据库系统,成品复习包,成品复习包,数据库系统_模拟卷二_含答案解析.pdf,/Users/jerry/Desktop/期末复习/资料库/06_数据库系统/00_成品复习包/数据库系统_模拟卷二_含答案解析.pdf,数据库系统_模拟卷二_含答案解析.pdf,/Users/jerry/Desktop/期末复习/数据库/数据库系统_模拟卷二_含答案解析.pdf,未计算（大小唯一）,0.16
71,数据库系统,成品复习包,成品复习包,数据库系统_考前复习知识点讲义.pdf,/Users/jerry/Desktop/期末复习/资料库/06_数据库系统/00_成品复习包/数据库系统_考前复习知识点讲义.pdf,数据库系统_考前复习知识点讲义.pdf,/Users/jerry/Desktop/期末复习/数据库/数据库系统_考前复习知识点讲义.pdf,未计算（大小唯一）,0.25
72,电工电子技术基础,原始资料,压缩包,电工电子技术基础_压缩包_源文件.zip,/Users/jerry/Desktop/期末复习/资料库/10_电工电子技术基础/02_原始资料/99_压缩包/电工电子技术基础_压缩包_源文件.zip,源文件.zip,/Users/jerry/Desktop/期末复习/电工电子技术基础/源文件.zip,未计算（大小唯一）,69.84
73,电工电子技术基础,原始资料,课件,电工电子技术基础_课件_1-电路的基本定律与分析方法.pdf,/Users/jerry/Desktop/期末复习/资料库/10_电工电子技术基础/02_原始资料/02_课件/电工电子技术基础_课件_1-电路的基本定律与分析方法.pdf,1- 电路的基本定律与分析方法.pdf,/Users/jerry/Desktop/期末复习/电工电子技术基础/源文件/1- 电路的基本定律与分析方法.pdf,未计算（大小唯一）,19.20
74,电工电子技术基础,原始资料,课件,电工电子技术基础_课件_10-触发器与时序逻辑电路.pdf,/Users/jerry/Desktop/期末复习/资料库/10_电工电子技术基础/02_原始资料/02_课件/电工电子技术基础_课件_10-触发器与时序逻辑电路.pdf,10-触发器与时序逻辑电路.pdf,/Users/jerry/Desktop/期末复习/电工电子技术基础/源文件/10-触发器与时序逻辑电路.pdf,未计算（大小唯一）,11.93
75,电工电子技术基础,原始资料,课件,电工电子技术基础_课件_2-电路的暂态分析.pptx.pdf,/Users/jerry/Desktop/期末复习/资料库/10_电工电子技术基础/02_原始资料/02_课件/电工电子技术基础_课件_2-电路的暂态分析.pptx.pdf,2- 电路的暂态分析.pptx.pdf,/Users/jerry/Desktop/期末复习/电工电子技术基础/源文件/2- 电路的暂态分析.pptx.pdf,未计算（大小唯一）,6.83
76,电工电子技术基础,原始资料,课件,电工电子技术基础_课件_3-交流电路.pptx.pdf,/Users/jerry/Desktop/期末复习/资料库/10_电工电子技术基础/02_原始资料/02_课件/电工电子技术基础_课件_3-交流电路.pptx.pdf,3- 交流电路.pptx.pdf,/Users/jerry/Desktop/期末复习/电工电子技术基础/源文件/3- 交流电路.pptx.pdf,未计算（大小唯一）,2.92
77,电工电子技术基础,原始资料,课件,电工电子技术基础_课件_4-三相电路.pptx.pdf,/Users/jerry/Desktop/期末复习/资料库/10_电工电子技术基础/02_原始资料/02_课件/电工电子技术基础_课件_4-三相电路.pptx.pdf,4- 三相电路.pptx.pdf,/Users/jerry/Desktop/期末复习/电工电子技术基础/源文件/4- 三相电路.pptx.pdf,未计算（大小唯一）,3.57
78,电工电子技术基础,原始资料,课件,电工电子技术基础_课件_5-常用半导体器件(3学时).pptx.pdf,/Users/jerry/Desktop/期末复习/资料库/10_电工电子技术基础/02_原始资料/02_课件/电工电子技术基础_课件_5-常用半导体器件(3学时).pptx.pdf,5-常用半导体器件(3学时）.pptx.pdf,/Users/jerry/Desktop/期末复习/电工电子技术基础/源文件/5-常用半导体器件(3学时）.pptx.pdf,未计算（大小唯一）,7.00
79,电工电子技术基础,原始资料,课件,电工电子技术基础_课件_6-基本放大电路[3学时].pptx.pdf,/Users/jerry/Desktop/期末复习/资料库/10_电工电子技术基础/02_原始资料/02_课件/电工电子技术基础_课件_6-基本放大电路[3学时].pptx.pdf,6-基本放大电路 [3学时].pptx.pdf,/Users/jerry/Desktop/期末复习/电工电子技术基础/源文件/6-基本放大电路 [3学时].pptx.pdf,未计算（大小唯一）,9.94
80,电工电子技术基础,原始资料,课件,电工电子技术基础_课件_7-集成运算放大器及应用.pptx.pdf,/Users/jerry/Desktop/期末复习/资料库/10_电工电子技术基础/02_原始资料/02_课件/电工电子技术基础_课件_7-集成运算放大器及应用.pptx.pdf,7-集成运算放大器及应用.pptx.pdf,/Users/jerry/Desktop/期末复习/电工电子技术基础/源文件/7-集成运算放大器及应用.pptx.pdf,未计算（大小唯一）,12.72
81,电工电子技术基础,原始资料,课件,电工电子技术基础_课件_9-门电路与组合逻辑电路.pptx.pdf,/Users/jerry/Desktop/期末复习/资料库/10_电工电子技术基础/02_原始资料/02_课件/电工电子技术基础_课件_9-门电路与组合逻辑电路.pptx.pdf,9-门电路与组合逻辑电路.pptx.pdf,/Users/jerry/Desktop/期末复习/电工电子技术基础/源文件/9-门电路与组合逻辑电路.pptx.pdf,未计算（大小唯一）,8.59
82,电工电子技术基础,成品复习包,成品复习包,电工电子技术基础_期末复习包.zip,/Users/jerry/Desktop/期末复习/资料库/10_电工电子技术基础/00_成品复习包/电工电子技术基础_期末复习包.zip,电工电子技术基础_期末复习包.zip,/Users/jerry/Desktop/期末复习/电工电子技术基础_期末复习包.zip,未计算（大小唯一）,0.61
83,电工电子技术基础,成品复习包,成品复习包,电工电子技术基础_模拟卷一_含答案解析.pdf,/Users/jerry/Desktop/期末复习/资料库/10_电工电子技术基础/00_成品复习包/电工电子技术基础_模拟卷一_含答案解析.pdf,电工电子技术基础_模拟卷一_含答案解析.pdf,/Users/jerry/Desktop/期末复习/电工电子技术基础/电工电子技术基础_模拟卷一_含答案解析.pdf,未计算（大小唯一）,0.16
84,电工电子技术基础,成品复习包,成品复习包,电工电子技术基础_模拟卷二_含答案解析.pdf,/Users/jerry/Desktop/期末复习/资料库/10_电工电子技术基础/00_成品复习包/电工电子技术基础_模拟卷二_含答案解析.pdf,电工电子技术基础_模拟卷二_含答案解析.pdf,/Users/jerry/Desktop/期末复习/电工电子技术基础/电工电子技术基础_模拟卷二_含答案解析.pdf,未计算（大小唯一）,0.16
85,电工电子技术基础,成品复习包,成品复习包,电工电子技术基础_考前复习知识点讲义.pdf,/Users/jerry/Desktop/期末复习/资料库/10_电工电子技术基础/00_成品复习包/电工电子技术基础_考前复习知识点讲义.pdf,电工电子技术基础_考前复习知识点讲义.pdf,/Users/jerry/Desktop/期末复习/电工电子技术基础/电工电子技术基础_考前复习知识点讲义.pdf,未计算（大小唯一）,0.30
86,离散数学,原始资料,压缩包,离散.zip,/Users/jerry/Desktop/期末复习/资料库/02_离散数学/02_原始资料/99_压缩包/离散.zip,离散.zip,/Users/jerry/Downloads/复习/离散.zip,未计算（大小唯一）,13.41
87,离散数学,原始资料,压缩包,离散数学.zip,/Users/jerry/Desktop/期末复习/资料库/02_离散数学/02_原始资料/99_压缩包/离散数学.zip,离散数学.zip,/Users/jerry/Downloads/大一下期末/离散数学.zip,未计算（大小唯一）,53.02
88,离散数学,原始资料,图片资料,离散数学2017-2018第一学期_1.png,/Users/jerry/Desktop/期末复习/资料库/02_离散数学/02_原始资料/98_图片资料/离散数学2017-2018第一学期_1.png,1.png,/Users/jerry/Downloads/复习/离散/离散数学2017-2018第一学期/1.png,未计算（大小唯一）,0.34
89,离散数学,原始资料,图片资料,离散数学2017-2018第一学期_2.png,/Users/jerry/Desktop/期末复习/资料库/02_离散数学/02_原始资料/98_图片资料/离散数学2017-2018第一学期_2.png,2.png,/Users/jerry/Downloads/复习/离散/离散数学2017-2018第一学期/2.png,未计算（大小唯一）,0.27
90,离散数学,原始资料,图片资料,离散数学2017-2018第一学期_3.png,/Users/jerry/Desktop/期末复习/资料库/02_离散数学/02_原始资料/98_图片资料/离散数学2017-2018第一学期_3.png,3.png,/Users/jerry/Downloads/复习/离散/离散数学2017-2018第一学期/3.png,未计算（大小唯一）,0.17
91,离散数学,原始资料,图片资料,离散数学2017-2018第一学期_4.png,/Users/jerry/Desktop/期末复习/资料库/02_离散数学/02_原始资料/98_图片资料/离散数学2017-2018第一学期_4.png,4.png,/Users/jerry/Downloads/复习/离散/离散数学2017-2018第一学期/4.png,未计算（大小唯一）,0.18
92,离散数学,原始资料,图片资料,离散数学2018-2019第一学期_1.jpg,/Users/jerry/Desktop/期末复习/资料库/02_离散数学/02_原始资料/98_图片资料/离散数学2018-2019第一学期_1.jpg,1.jpg,/Users/jerry/Downloads/复习/离散/离散数学2018-2019第一学期/1.jpg,未计算（大小唯一）,1.17
93,离散数学,原始资料,图片资料,离散数学2018-2019第一学期_2.jpg,/Users/jerry/Desktop/期末复习/资料库/02_离散数学/02_原始资料/98_图片资料/离散数学2018-2019第一学期_2.jpg,2.jpg,/Users/jerry/Downloads/复习/离散/离散数学2018-2019第一学期/2.jpg,未计算（大小唯一）,1.24
94,离散数学,原始资料,图片资料,离散数学2018-2019第一学期_3.jpg,/Users/jerry/Desktop/期末复习/资料库/02_离散数学/02_原始资料/98_图片资料/离散数学2018-2019第一学期_3.jpg,3.jpg,/Users/jerry/Downloads/复习/离散/离散数学2018-2019第一学期/3.jpg,未计算（大小唯一）,1.24
95,离散数学,原始资料,图片资料,离散数学2018-2019第一学期_4.jpg,/Users/jerry/Desktop/期末复习/资料库/02_离散数学/02_原始资料/98_图片资料/离散数学2018-2019第一学期_4.jpg,4.jpg,/Users/jerry/Downloads/复习/离散/离散数学2018-2019第一学期/4.jpg,未计算（大小唯一）,1.15
96,离散数学,原始资料,图片资料,离散数学_图片资料_期中测试_45A0FB44B5EC76FDCD505544CD680140.png,/Users/jerry/Desktop/期末复习/资料库/02_离散数学/02_原始资料/98_图片资料/离散数学_图片资料_期中测试_45A0FB44B5EC76FDCD505544CD680140.png,45A0FB44B5EC76FDCD505544CD680140.png,/Users/jerry/Downloads/复习/离散/离散数学阶段性测试卷子/期中测试/45A0FB44B5EC76FDCD505544CD680140.png,973fcb73a8721a783c66b76915d92b194d5d419e12e294530bea889eedbacd7f,0.41
97,离散数学,原始资料,图片资料,离散数学_图片资料_期中测试_49D107C6931E9A44CF31B6E774BF69D1.png,/Users/jerry/Desktop/期末复习/资料库/02_离散数学/02_原始资料/98_图片资料/离散数学_图片资料_期中测试_49D107C6931E9A44CF31B6E774BF69D1.png,49D107C6931E9A44CF31B6E774BF69D1.png,/Users/jerry/Downloads/复习/离散/离散数学阶段性测试卷子/期中测试/49D107C6931E9A44CF31B6E774BF69D1.png,e5f0562ea2e2ac43c573e53ddf890e7a41b11bcb9684533ce7e5a3ff32975e80,0.41
98,离散数学,原始资料,图片资料,离散数学_图片资料_期中测试_4B0A7872372B2A84E96B99F40AD506C7.png,/Users/jerry/Desktop/期末复习/资料库/02_离散数学/02_原始资料/98_图片资料/离散数学_图片资料_期中测试_4B0A7872372B2A84E96B99F40AD506C7.png,4B0A7872372B2A84E96B99F40AD506C7.png,/Users/jerry/Downloads/复习/离散/离散数学阶段性测试卷子/期中测试/4B0A7872372B2A84E96B99F40AD506C7.png,00e0661502e4738851504a60892bc444cb1de8dd8e6449662b612f7563b6608c,0.38
99,离散数学,原始资料,图片资料,离散数学_图片资料_期中测试_E337C3A2A0F6D191778B8A40E8397B28.png,/Users/jerry/Desktop/期末复习/资料库/02_离散数学/02_原始资料/98_图片资料/离散数学_图片资料_期中测试_E337C3A2A0F6D191778B8A40E8397B28.png,E337C3A2A0F6D191778B8A40E8397B28.png,/Users/jerry/Downloads/复习/离散/离散数学阶段性测试卷子/期中测试/E337C3A2A0F6D191778B8A40E8397B28.png,bbd0da7e6c95da297f6ca72cfd8f7f4b2409518493255bdd87e0fdd290d9abeb,0.38
100,离散数学,原始资料,图片资料,离散数学阶段性测试卷子_1.png,/Users/jerry/Desktop/期末复习/资料库/02_离散数学/02_原始资料/98_图片资料/离散数学阶段性测试卷子_1.png,1.png,/Users/jerry/Downloads/复习/离散/离散数学阶段性测试卷子/1.png,b36087bf72fa9ff052d739085c5ecc868d2a893f38c3160d1461f47be60a2e0c,0.15
101,离散数学,原始资料,图片资料,离散数学阶段性测试卷子_2.png,/Users/jerry/Desktop/期末复习/资料库/02_离散数学/02_原始资料/98_图片资料/离散数学阶段性测试卷子_2.png,2.png,/Users/jerry/Downloads/复习/离散/离散数学阶段性测试卷子/2.png,170a1cdddae991537d95f2623452cb042f518e30862b9040ca0e045f83029cae,0.14
102,离散数学,原始资料,图片资料,离散数学阶段性测试卷子_3.png,/Users/jerry/Desktop/期末复习/资料库/02_离散数学/02_原始资料/98_图片资料/离散数学阶段性测试卷子_3.png,3.png,/Users/jerry/Downloads/复习/离散/离散数学阶段性测试卷子/3.png,921a58bc083b8e4ca5ea96b6f7b3682c05a6ff0bf9dc3a1ece2e1e88d08caaea,0.53
103,离散数学,原始资料,图片资料,离散数学阶段性测试卷子_4.png,/Users/jerry/Desktop/期末复习/资料库/02_离散数学/02_原始资料/98_图片资料/离散数学阶段性测试卷子_4.png,4.png,/Users/jerry/Downloads/复习/离散/离散数学阶段性测试卷子/4.png,96984af9c29e3c2be9316e7ffe6724ed49e0f2aee5aca6b146e3e9ac4d9b8c97,0.42
104,离散数学,原始资料,学习计划,离散数学_学习计划_一个月高数下册与离散数学学习计划.pdf,/Users/jerry/Desktop/期末复习/资料库/02_离散数学/02_原始资料/06_学习计划/离散数学_学习计划_一个月高数下册与离散数学学习计划.pdf,一个月高数下册与离散数学学习计划.pdf,/Users/jerry/Downloads/复习/一个月高数下册与离散数学学习计划.pdf,未计算（大小唯一）,0.15
105,离散数学,原始资料,教材题解,离散数学题解(第六版)耿素云屈婉玲张立昂清华大学出版社(耿素云屈婉玲张立昂).pdf,/Users/jerry/Desktop/期末复习/资料库/02_离散数学/02_原始资料/04_教材与题解/离散数学题解(第六版)耿素云屈婉玲张立昂清华大学出版社(耿素云屈婉玲张立昂).pdf,"离散数学题解（第六版）耿素云 屈婉玲 张立昂清华大学出版社 (耿素云 屈婉玲 张立昂) (z-library.sk, 1lib.sk, z-lib.sk) (1).pdf","/Users/jerry/Downloads/大一下期末/离散数学题解（第六版）耿素云 屈婉玲 张立昂清华大学出版社 (耿素云 屈婉玲 张立昂) (z-library.sk, 1lib.sk, z-lib.sk) (1).pdf",c3b08872d1508d7d5afaa26394a9e82fab59fc5484b8e1f1112a622be69739c6,84.56
106,离散数学,原始资料,源文件,离散数学_考前复习知识点讲义.tex,/Users/jerry/Desktop/期末复习/资料库/02_离散数学/02_原始资料/90_源文件/离散数学_考前复习知识点讲义.tex,离散数学_考前复习知识点讲义.tex,/Users/jerry/Desktop/期末复习/离散数学/源文件/离散数学_考前复习知识点讲义.tex,未计算（大小唯一）,0.04
107,离散数学,原始资料,真题,离散数学_真题_软件学院23级离散数学.pdf,/Users/jerry/Desktop/期末复习/资料库/02_离散数学/02_原始资料/01_样卷与真题/离散数学_真题_软件学院23级离散数学.pdf,软件学院 23级离散数学.pdf,/Users/jerry/Downloads/大一下期末/软件学院 23级离散数学.pdf,20122cc28de5c25d5df70f6b37b8e73db87748acc34bd6bfbc1ed6958a72b40a,0.23
108,离散数学,原始资料,真题,离散数学早年卷子.pdf,/Users/jerry/Desktop/期末复习/资料库/02_离散数学/02_原始资料/01_样卷与真题/离散数学早年卷子.pdf,离散数学早年卷子.pdf,/Users/jerry/Downloads/复习/离散/离散数学早年卷子.pdf,未计算（大小唯一）,1.69
109,离散数学,原始资料,笔记总结,图论知识总结.pdf,/Users/jerry/Desktop/期末复习/资料库/02_离散数学/02_原始资料/05_笔记与总结/图论知识总结.pdf,图论知识总结.pdf,/Users/jerry/Downloads/复习/离散/图论知识总结.pdf,未计算（大小唯一）,0.29
110,离散数学,原始资料,笔记总结,数理逻辑知识总结.pdf,/Users/jerry/Desktop/期末复习/资料库/02_离散数学/02_原始资料/05_笔记与总结/数理逻辑知识总结.pdf,数理逻辑知识总结.pdf,/Users/jerry/Downloads/复习/离散/数理逻辑知识总结.pdf,未计算（大小唯一）,0.16
111,离散数学,原始资料,笔记总结,离散数学_笔记总结_1.3命题逻辑等值演算.pdf,/Users/jerry/Desktop/期末复习/资料库/02_离散数学/02_原始资料/05_笔记与总结/离散数学_笔记总结_1.3命题逻辑等值演算.pdf,1.3 命题逻辑等值演算.pdf,/Users/jerry/Downloads/复习/离散数学/1.3 命题逻辑等值演算.pdf,未计算（大小唯一）,5.94
112,离散数学,原始资料,笔记总结,离散数学_笔记总结_1.7推理理论.pdf,/Users/jerry/Desktop/期末复习/资料库/02_离散数学/02_原始资料/05_笔记与总结/离散数学_笔记总结_1.7推理理论.pdf,1.7 推理理论.pdf,/Users/jerry/Downloads/复习/离散数学/1.7 推理理论.pdf,未计算（大小唯一）,3.11
113,离散数学,原始资料,笔记总结,离散数学_笔记总结_2.1.pdf,/Users/jerry/Desktop/期末复习/资料库/02_离散数学/02_原始资料/05_笔记与总结/离散数学_笔记总结_2.1.pdf,2.1.pdf,/Users/jerry/Downloads/复习/离散数学/2.1.pdf,未计算（大小唯一）,5.83
114,离散数学,原始资料,笔记总结,离散数学_笔记总结_2.3一阶逻辑等值式与前束范式.pdf,/Users/jerry/Desktop/期末复习/资料库/02_离散数学/02_原始资料/05_笔记与总结/离散数学_笔记总结_2.3一阶逻辑等值式与前束范式.pdf,2.3 一阶逻辑等值式与前束范式.pdf,/Users/jerry/Downloads/复习/离散数学/2.3 一阶逻辑等值式与前束范式.pdf,未计算（大小唯一）,2.24
115,离散数学,原始资料,笔记总结,离散数学_笔记总结_4.1-2.pdf,/Users/jerry/Desktop/期末复习/资料库/02_离散数学/02_原始资料/05_笔记与总结/离散数学_笔记总结_4.1-2.pdf,4.1-2.pdf,/Users/jerry/Downloads/复习/离散数学/4.1-2.pdf,未计算（大小唯一）,6.57
116,离散数学,原始资料,笔记总结,离散数学_笔记总结_4.3关系的性质.pdf,/Users/jerry/Desktop/期末复习/资料库/02_离散数学/02_原始资料/05_笔记与总结/离散数学_笔记总结_4.3关系的性质.pdf,4.3 关系的性质.pdf,/Users/jerry/Downloads/复习/离散数学/4.3 关系的性质.pdf,未计算（大小唯一）,3.39
117,离散数学,原始资料,笔记总结,离散数学_笔记总结_4.5等价关系与偏序关系.pdf,/Users/jerry/Desktop/期末复习/资料库/02_离散数学/02_原始资料/05_笔记与总结/离散数学_笔记总结_4.5等价关系与偏序关系.pdf,4.5 等价关系与偏序关系.pdf,/Users/jerry/Downloads/复习/离散数学/4.5 等价关系与偏序关系.pdf,未计算（大小唯一）,5.08
118,离散数学,原始资料,笔记总结,离散数学_笔记总结_4.6函数的定义与性质.pdf,/Users/jerry/Desktop/期末复习/资料库/02_离散数学/02_原始资料/05_笔记与总结/离散数学_笔记总结_4.6函数的定义与性质.pdf,4.6 函数的定义与性质.pdf,/Users/jerry/Downloads/复习/离散数学/4.6 函数的定义与性质.pdf,未计算（大小唯一）,4.24
119,离散数学,原始资料,笔记总结,离散数学_笔记总结_5.2通路、回路、图的连通性.pdf,/Users/jerry/Desktop/期末复习/资料库/02_离散数学/02_原始资料/05_笔记与总结/离散数学_笔记总结_5.2通路、回路、图的连通性.pdf,5.2 通路、回路、图的连通性.pdf,/Users/jerry/Downloads/复习/离散数学/5.2 通路、回路、图的连通性.pdf,未计算（大小唯一）,4.58
120,离散数学,原始资料,笔记总结,"离散数学_笔记总结_5.4最短路径,关键路径与着色.pdf","/Users/jerry/Desktop/期末复习/资料库/02_离散数学/02_原始资料/05_笔记与总结/离散数学_笔记总结_5.4最短路径,关键路径与着色.pdf","5.4 最短路径,关键路径与着色.pdf","/Users/jerry/Downloads/复习/离散数学/5.4 最短路径,关键路径与着色.pdf",未计算（大小唯一）,3.19
121,离散数学,原始资料,笔记总结,离散数学_笔记总结_图论.pdf,/Users/jerry/Desktop/期末复习/资料库/02_离散数学/02_原始资料/05_笔记与总结/离散数学_笔记总结_图论.pdf,图论.pdf,/Users/jerry/Downloads/复习/离散数学/图论.pdf,未计算（大小唯一）,4.67
122,离散数学,原始资料,笔记总结,离散数学_笔记总结_离散数学.pdf,/Users/jerry/Desktop/期末复习/资料库/02_离散数学/02_原始资料/05_笔记与总结/离散数学_笔记总结_离散数学.pdf,离散数学.pdf,/Users/jerry/Downloads/复习/离散数学/离散数学.pdf,未计算（大小唯一）,6.04
123,离散数学,原始资料,笔记总结,离散数学_笔记总结_集合论.pdf,/Users/jerry/Desktop/期末复习/资料库/02_离散数学/02_原始资料/05_笔记与总结/离散数学_笔记总结_集合论.pdf,集合论.pdf,/Users/jerry/Downloads/复习/离散数学/集合论.pdf,未计算（大小唯一）,4.92
124,离散数学,原始资料,课件,离散数学_课件_第5章集合.pptx,/Users/jerry/Desktop/期末复习/资料库/02_离散数学/02_原始资料/02_课件/离散数学_课件_第5章集合.pptx,第5章 集合.pptx,/Users/jerry/Downloads/复习/第5章 集合.pptx,未计算（大小唯一）,4.55
125,离散数学,原始资料,题库练习,图论习题.docx,/Users/jerry/Desktop/期末复习/资料库/02_离散数学/02_原始资料/03_题库与练习/图论习题.docx,图论习题.docx,/Users/jerry/Downloads/大一下期末/图论习题.docx,4b505a1c46e6b30fab3b77a4b97fdfff03e40932cc98bdc0b711eb7ab2d52063,0.13
126,离散数学,原始资料,题库练习,数理逻辑习题.docx,/Users/jerry/Desktop/期末复习/资料库/02_离散数学/02_原始资料/03_题库与练习/数理逻辑习题.docx,数理逻辑习题.docx,/Users/jerry/Downloads/大一下期末/数理逻辑习题.docx,572adb25d272066dbe748c6c5138bd4f2ca6e227397fd7b9ffc6fdcda69cb9bc,0.06
127,离散数学,原始资料,题库练习,数理逻辑习题课.pdf,/Users/jerry/Desktop/期末复习/资料库/02_离散数学/02_原始资料/03_题库与练习/数理逻辑习题课.pdf,数理逻辑习题课.pdf,/Users/jerry/Downloads/复习/离散数学/数理逻辑习题课.pdf,未计算（大小唯一）,2.57
128,离散数学,原始资料,题库练习,集合论习题.docx,/Users/jerry/Desktop/期末复习/资料库/02_离散数学/02_原始资料/03_题库与练习/集合论习题.docx,集合论习题.docx,/Users/jerry/Downloads/大一下期末/集合论习题.docx,9e7fc28611b1ed910225835b8fa496fadba62a5c9cbc2820358e87bb20fff8f8,0.09
129,离散数学,成品复习包,成品复习包,离散数学_期末复习包.zip,/Users/jerry/Desktop/期末复习/资料库/02_离散数学/00_成品复习包/离散数学_期末复习包.zip,离散数学.zip,/Users/jerry/Desktop/期末复习/离散数学.zip,未计算（大小唯一）,0.33
130,离散数学,成品复习包,成品复习包,离散数学_模拟卷一_含答案解析.pdf,/Users/jerry/Desktop/期末复习/资料库/02_离散数学/00_成品复习包/离散数学_模拟卷一_含答案解析.pdf,离散数学_模拟卷一_含答案解析.pdf,/Users/jerry/Desktop/期末复习/离散数学/离散数学_模拟卷一_含答案解析.pdf,未计算（大小唯一）,0.06
131,离散数学,成品复习包,成品复习包,离散数学_模拟卷二_含答案解析.pdf,/Users/jerry/Desktop/期末复习/资料库/02_离散数学/00_成品复习包/离散数学_模拟卷二_含答案解析.pdf,离散数学_模拟卷二_含答案解析.pdf,/Users/jerry/Desktop/期末复习/离散数学/离散数学_模拟卷二_含答案解析.pdf,未计算（大小唯一）,0.06
132,离散数学,成品复习包,成品复习包,离散数学_考前复习知识点讲义.pdf,/Users/jerry/Desktop/期末复习/资料库/02_离散数学/00_成品复习包/离散数学_考前复习知识点讲义.pdf,离散数学_考前复习知识点讲义.pdf,/Users/jerry/Desktop/期末复习/离散数学/离散数学_考前复习知识点讲义.pdf,未计算（大小唯一）,0.31
133,离散数学,知识点库,知识点库,离散数学_习题课数理逻辑.md,/Users/jerry/Desktop/期末复习/资料库/02_离散数学/01_知识点库/离散数学_习题课数理逻辑.md,习题课 数理逻辑.md,/Users/jerry/Downloads/复习/离散数学/习题课 数理逻辑.md,未计算（大小唯一）,0.00
134,离散数学,知识点库,知识点库,离散数学_刷题版.md,/Users/jerry/Desktop/期末复习/资料库/02_离散数学/01_知识点库/离散数学_刷题版.md,离散数学_刷题版.md,/Users/jerry/Downloads/复习/离散数学/离散数学_刷题版.md,未计算（大小唯一）,0.00
135,离散数学,知识点库,知识点库,离散数学_知识点索引版.md,/Users/jerry/Desktop/期末复习/资料库/02_离散数学/01_知识点库/离散数学_知识点索引版.md,离散数学_知识点索引版.md,/Users/jerry/Downloads/复习/离散数学/离散数学_知识点索引版.md,未计算（大小唯一）,0.01
136,离散数学,知识点库,知识点库,离散数学_第0章课程导论.md,/Users/jerry/Desktop/期末复习/资料库/02_离散数学/01_知识点库/离散数学_第0章课程导论.md,第0章 课程导论.md,/Users/jerry/Downloads/复习/离散数学/第0章 课程导论.md,未计算（大小唯一）,0.00
137,离散数学,知识点库,知识点库,离散数学_第1章命题逻辑.md,/Users/jerry/Desktop/期末复习/资料库/02_离散数学/01_知识点库/离散数学_第1章命题逻辑.md,第1章 命题逻辑.md,/Users/jerry/Downloads/复习/离散数学/第1章 命题逻辑.md,未计算（大小唯一）,0.01
138,离散数学,知识点库,知识点库,离散数学_第1章命题逻辑_刷题.md,/Users/jerry/Desktop/期末复习/资料库/02_离散数学/01_知识点库/离散数学_第1章命题逻辑_刷题.md,第1章 命题逻辑_刷题.md,/Users/jerry/Downloads/复习/离散数学/第1章 命题逻辑_刷题.md,未计算（大小唯一）,0.03
139,离散数学,知识点库,知识点库,离散数学_第2章一阶逻辑.md,/Users/jerry/Desktop/期末复习/资料库/02_离散数学/01_知识点库/离散数学_第2章一阶逻辑.md,第2章 一阶逻辑.md,/Users/jerry/Downloads/复习/离散数学/第2章 一阶逻辑.md,未计算（大小唯一）,0.01
140,离散数学,知识点库,知识点库,离散数学_第2章一阶逻辑_刷题.md,/Users/jerry/Desktop/期末复习/资料库/02_离散数学/01_知识点库/离散数学_第2章一阶逻辑_刷题.md,第2章 一阶逻辑_刷题.md,/Users/jerry/Downloads/复习/离散数学/第2章 一阶逻辑_刷题.md,未计算（大小唯一）,0.01
141,离散数学,知识点库,知识点库,离散数学_第3章集合论.md,/Users/jerry/Desktop/期末复习/资料库/02_离散数学/01_知识点库/离散数学_第3章集合论.md,第3章 集合论.md,/Users/jerry/Downloads/复习/离散数学/第3章 集合论.md,未计算（大小唯一）,0.00
142,离散数学,知识点库,知识点库,离散数学_第3章集合论_刷题.md,/Users/jerry/Desktop/期末复习/资料库/02_离散数学/01_知识点库/离散数学_第3章集合论_刷题.md,第3章 集合论_刷题.md,/Users/jerry/Downloads/复习/离散数学/第3章 集合论_刷题.md,未计算（大小唯一）,0.01
143,离散数学,知识点库,知识点库,离散数学_第4章二元关系与函数.md,/Users/jerry/Desktop/期末复习/资料库/02_离散数学/01_知识点库/离散数学_第4章二元关系与函数.md,第4章 二元关系与函数.md,/Users/jerry/Downloads/复习/离散数学/第4章 二元关系与函数.md,未计算（大小唯一）,0.01
144,离散数学,知识点库,知识点库,离散数学_第4章二元关系与函数_刷题.md,/Users/jerry/Desktop/期末复习/资料库/02_离散数学/01_知识点库/离散数学_第4章二元关系与函数_刷题.md,第4章 二元关系与函数_刷题.md,/Users/jerry/Downloads/复习/离散数学/第4章 二元关系与函数_刷题.md,未计算（大小唯一）,0.03
145,离散数学,知识点库,知识点库,离散数学_第5章图论.md,/Users/jerry/Desktop/期末复习/资料库/02_离散数学/01_知识点库/离散数学_第5章图论.md,第5章 图论.md,/Users/jerry/Downloads/复习/离散数学/第5章 图论.md,未计算（大小唯一）,0.01
146,离散数学,知识点库,知识点库,离散数学_第5章图论_刷题.md,/Users/jerry/Desktop/期末复习/资料库/02_离散数学/01_知识点库/离散数学_第5章图论_刷题.md,第5章 图论_刷题.md,/Users/jerry/Downloads/复习/离散数学/第5章 图论_刷题.md,未计算（大小唯一）,0.02
147,离散数学,知识点库,知识点库,离散数学_综合训练_刷题.md,/Users/jerry/Desktop/期末复习/资料库/02_离散数学/01_知识点库/离散数学_综合训练_刷题.md,综合训练_刷题.md,/Users/jerry/Downloads/复习/离散数学/综合训练_刷题.md,未计算（大小唯一）,0.00
148,移动开发,原始资料,压缩包,移动开发-课件.zip,/Users/jerry/Desktop/期末复习/资料库/11_移动开发/02_原始资料/99_压缩包/移动开发-课件.zip,移动开发-课件.zip,/Users/jerry/Desktop/期末复习/移动开发/移动开发-课件.zip,未计算（大小唯一）,46.99
149,移动开发,成品复习包,成品复习包,移动开发_期末复习包.zip,/Users/jerry/Desktop/期末复习/资料库/11_移动开发/00_成品复习包/移动开发_期末复习包.zip,移动开发_期末复习包.zip,/Users/jerry/Desktop/期末复习/移动开发_期末复习包.zip,未计算（大小唯一）,0.31
150,移动开发,成品复习包,成品复习包,移动开发_模拟卷一_含答案解析.pdf,/Users/jerry/Desktop/期末复习/资料库/11_移动开发/00_成品复习包/移动开发_模拟卷一_含答案解析.pdf,移动开发_模拟卷一_含答案解析.pdf,/Users/jerry/Desktop/期末复习/移动开发/移动开发_模拟卷一_含答案解析.pdf,未计算（大小唯一）,0.02
151,移动开发,成品复习包,成品复习包,移动开发_模拟卷二_含答案解析.pdf,/Users/jerry/Desktop/期末复习/资料库/11_移动开发/00_成品复习包/移动开发_模拟卷二_含答案解析.pdf,移动开发_模拟卷二_含答案解析.pdf,/Users/jerry/Desktop/期末复习/移动开发/移动开发_模拟卷二_含答案解析.pdf,未计算（大小唯一）,0.02
152,移动开发,成品复习包,成品复习包,移动开发_考前复习知识点讲义.pdf,/Users/jerry/Desktop/期末复习/资料库/11_移动开发/00_成品复习包/移动开发_考前复习知识点讲义.pdf,移动开发_考前复习知识点讲义.pdf,/Users/jerry/Desktop/期末复习/移动开发/移动开发_考前复习知识点讲义.pdf,未计算（大小唯一）,0.30
153,计算机组成原理,原始资料,压缩包,计算机组成原理_压缩包_课件1-6.rar,/Users/jerry/Desktop/期末复习/资料库/08_计算机组成原理/02_原始资料/99_压缩包/计算机组成原理_压缩包_课件1-6.rar,课件 1-6.rar,/Users/jerry/Desktop/期末复习/计算机组成/源文件/课件 1-6.rar,未计算（大小唯一）,7.63
154,计算机组成原理,原始资料,课件,计算机组成原理Chapter7_发给学生.pdf,/Users/jerry/Desktop/期末复习/资料库/08_计算机组成原理/02_原始资料/02_课件/计算机组成原理Chapter7_发给学生.pdf,计算机组成原理 Chapter 7_发给学生.pdf,/Users/jerry/Desktop/期末复习/计算机组成/源文件/计算机组成原理 Chapter 7_发给学生.pdf,未计算（大小唯一）,1.33
155,计算机组成原理,成品复习包,成品复习包,计算机组成原理_期末复习包.zip,/Users/jerry/Desktop/期末复习/资料库/08_计算机组成原理/00_成品复习包/计算机组成原理_期末复习包.zip,计算机组成原理_期末复习包.zip,/Users/jerry/Desktop/期末复习/计算机组成原理_期末复习包.zip,未计算（大小唯一）,0.56
156,计算机组成原理,成品复习包,成品复习包,计算机组成原理_模拟卷一_含答案解析.pdf,/Users/jerry/Desktop/期末复习/资料库/08_计算机组成原理/00_成品复习包/计算机组成原理_模拟卷一_含答案解析.pdf,计算机组成原理_模拟卷一_含答案解析.pdf,/Users/jerry/Desktop/期末复习/计算机组成/计算机组成原理_模拟卷一_含答案解析.pdf,未计算（大小唯一）,0.15
157,计算机组成原理,成品复习包,成品复习包,计算机组成原理_模拟卷二_含答案解析.pdf,/Users/jerry/Desktop/期末复习/资料库/08_计算机组成原理/00_成品复习包/计算机组成原理_模拟卷二_含答案解析.pdf,计算机组成原理_模拟卷二_含答案解析.pdf,/Users/jerry/Desktop/期末复习/计算机组成/计算机组成原理_模拟卷二_含答案解析.pdf,未计算（大小唯一）,0.15
158,计算机组成原理,成品复习包,成品复习包,计算机组成原理_考前复习知识点讲义.pdf,/Users/jerry/Desktop/期末复习/资料库/08_计算机组成原理/00_成品复习包/计算机组成原理_考前复习知识点讲义.pdf,计算机组成原理_考前复习知识点讲义.pdf,/Users/jerry/Desktop/期末复习/计算机组成/计算机组成原理_考前复习知识点讲义.pdf,未计算（大小唯一）,0.27
159,计算机网络,原始资料,模拟卷,计算机网络-sample.pdf,/Users/jerry/Desktop/期末复习/资料库/07_计算机网络/02_原始资料/01_样卷与真题/计算机网络-sample.pdf,计算机网络-sample.pdf,/Users/jerry/Desktop/期末复习/计算机网络/源文件/计算机网络-sample.pdf,未计算（大小唯一）,1.12
160,计算机网络,成品复习包,成品复习包,计算机网络_期末复习包.zip,/Users/jerry/Desktop/期末复习/资料库/07_计算机网络/00_成品复习包/计算机网络_期末复习包.zip,计算机网络_期末复习包.zip,/Users/jerry/Desktop/期末复习/计算机网络_期末复习包.zip,未计算（大小唯一）,0.51
161,计算机网络,成品复习包,成品复习包,计算机网络_模拟卷一_含答案解析.pdf,/Users/jerry/Desktop/期末复习/资料库/07_计算机网络/00_成品复习包/计算机网络_模拟卷一_含答案解析.pdf,计算机网络_模拟卷一_含答案解析.pdf,/Users/jerry/Desktop/期末复习/计算机网络/计算机网络_模拟卷一_含答案解析.pdf,未计算（大小唯一）,0.14
162,计算机网络,成品复习包,成品复习包,计算机网络_模拟卷二_含答案解析.pdf,/Users/jerry/Desktop/期末复习/资料库/07_计算机网络/00_成品复习包/计算机网络_模拟卷二_含答案解析.pdf,计算机网络_模拟卷二_含答案解析.pdf,/Users/jerry/Desktop/期末复习/计算机网络/计算机网络_模拟卷二_含答案解析.pdf,未计算（大小唯一）,0.14
163,计算机网络,成品复习包,成品复习包,计算机网络_考前复习知识点讲义.pdf,/Users/jerry/Desktop/期末复习/资料库/07_计算机网络/00_成品复习包/计算机网络_考前复习知识点讲义.pdf,计算机网络_考前复习知识点讲义.pdf,/Users/jerry/Desktop/期末复习/计算机网络/计算机网络_考前复习知识点讲义.pdf,未计算（大小唯一）,0.24
164,资料库模板,模板,本地TeX模板,Jerry_知识点复习讲义_LaTeX模板.tex,/Users/jerry/Desktop/期末复习/资料库/00_模板/本地TeX模板/Jerry_知识点复习讲义_LaTeX模板.tex,Jerry_知识点复习讲义_LaTeX模板.tex,/Users/jerry/Desktop/期末复习/模版/Jerry_知识点复习讲义_LaTeX模板.tex,未计算（大小唯一）,0.01
165,资料库模板,模板,本地TeX模板,期末模拟卷_统一格式模板.tex,/Users/jerry/Desktop/期末复习/资料库/00_模板/本地TeX模板/期末模拟卷_统一格式模板.tex,期末模拟卷_统一格式模板.tex,/Users/jerry/Desktop/期末复习/模版/期末模拟卷_统一格式模板.tex,未计算（大小唯一）,0.01
166,软件工程,原始资料,压缩包,软件工程-课件.zip,/Users/jerry/Desktop/期末复习/资料库/09_软件工程/02_原始资料/99_压缩包/软件工程-课件.zip,软件工程-课件.zip,/Users/jerry/Desktop/期末复习/软件工程/源文件/软件工程-课件.zip,未计算（大小唯一）,94.55
167,软件工程,原始资料,图片资料,软件工程_图片资料_28DF7B64E7A9C9D6A649534467F14C54.png,/Users/jerry/Desktop/期末复习/资料库/09_软件工程/02_原始资料/98_图片资料/软件工程_图片资料_28DF7B64E7A9C9D6A649534467F14C54.png,28DF7B64E7A9C9D6A649534467F14C54.PNG,/Users/jerry/Desktop/期末复习/软件工程/源文件/28DF7B64E7A9C9D6A649534467F14C54.PNG,未计算（大小唯一）,0.21
168,软件工程,原始资料,图片资料,软件工程_图片资料_B194F1DC15AEAFF3BCCA084A47096604.png,/Users/jerry/Desktop/期末复习/资料库/09_软件工程/02_原始资料/98_图片资料/软件工程_图片资料_B194F1DC15AEAFF3BCCA084A47096604.png,B194F1DC15AEAFF3BCCA084A47096604.PNG,/Users/jerry/Desktop/期末复习/软件工程/源文件/B194F1DC15AEAFF3BCCA084A47096604.PNG,未计算（大小唯一）,0.18
169,软件工程,原始资料,图片资料,软件工程_图片资料_E333927C283DB3756EE23A968C84926F.png,/Users/jerry/Desktop/期末复习/资料库/09_软件工程/02_原始资料/98_图片资料/软件工程_图片资料_E333927C283DB3756EE23A968C84926F.png,E333927C283DB3756EE23A968C84926F.PNG,/Users/jerry/Desktop/期末复习/软件工程/源文件/E333927C283DB3756EE23A968C84926F.PNG,未计算（大小唯一）,0.23
170,软件工程,成品复习包,成品复习包,软件工程_期末复习包.zip,/Users/jerry/Desktop/期末复习/资料库/09_软件工程/00_成品复习包/软件工程_期末复习包.zip,软件工程_期末复习包.zip,/Users/jerry/Desktop/期末复习/软件工程_期末复习包.zip,未计算（大小唯一）,0.65
171,软件工程,成品复习包,成品复习包,软件工程_模拟卷一_含答案解析.pdf,/Users/jerry/Desktop/期末复习/资料库/09_软件工程/00_成品复习包/软件工程_模拟卷一_含答案解析.pdf,软件工程_模拟卷一_含答案解析.pdf,/Users/jerry/Desktop/期末复习/软件工程/软件工程_模拟卷一_含答案解析.pdf,未计算（大小唯一）,0.16
172,软件工程,成品复习包,成品复习包,软件工程_模拟卷二_含答案解析.pdf,/Users/jerry/Desktop/期末复习/资料库/09_软件工程/00_成品复习包/软件工程_模拟卷二_含答案解析.pdf,软件工程_模拟卷二_含答案解析.pdf,/Users/jerry/Desktop/期末复习/软件工程/软件工程_模拟卷二_含答案解析.pdf,未计算（大小唯一）,0.16
173,软件工程,成品复习包,成品复习包,软件工程_考前复习知识点讲义.pdf,/Users/jerry/Desktop/期末复习/资料库/09_软件工程/00_成品复习包/软件工程_考前复习知识点讲义.pdf,软件工程_考前复习知识点讲义.pdf,/Users/jerry/Desktop/期末复习/软件工程/软件工程_考前复习知识点讲义.pdf,未计算（大小唯一）,0.33
174,面向对象程序设计Java,原始资料,源文件,面向对象程序设计Java_考前复习知识点讲义.tex,/Users/jerry/Desktop/期末复习/资料库/04_面向对象程序设计Java/02_原始资料/90_源文件/面向对象程序设计Java_考前复习知识点讲义.tex,面向对象程序设计_考前复习知识点讲义.tex,/Users/jerry/Desktop/期末复习/面向对象程序设计Java/源文件/面向对象程序设计_考前复习知识点讲义.tex,未计算（大小唯一）,0.02
175,面向对象程序设计Java,原始资料,真题,Java真题.pdf,/Users/jerry/Desktop/期末复习/资料库/04_面向对象程序设计Java/02_原始资料/01_样卷与真题/Java真题.pdf,Java真题.pdf,/Users/jerry/Downloads/复习/Java真题.pdf,未计算（大小唯一）,0.59
176,面向对象程序设计Java,原始资料,真题,Java程序设计2022-2023期末试卷.pdf,/Users/jerry/Desktop/期末复习/资料库/04_面向对象程序设计Java/02_原始资料/01_样卷与真题/Java程序设计2022-2023期末试卷.pdf,Java程序设计2022-2023期末试卷.pdf,/Users/jerry/Downloads/复习/Java程序设计2022-2023期末试卷.pdf,未计算（大小唯一）,0.19
177,面向对象程序设计Java,原始资料,真题,Java程序设计真题整理.pdf,/Users/jerry/Desktop/期末复习/资料库/04_面向对象程序设计Java/02_原始资料/01_样卷与真题/Java程序设计真题整理.pdf,Java程序设计真题整理.pdf,/Users/jerry/Desktop/期末复习/面向对象程序设计Java/源文件/Java程序设计真题整理.pdf,91155b8a9531b6a5084a35a5040e0504ae8efb78f5eda4fc695a3b239d64922d,0.18
178,面向对象程序设计Java,原始资料,真题,面向对象程序设计Java_真题_2010-2011第一学期Java程序设计A卷.pdf,/Users/jerry/Desktop/期末复习/资料库/04_面向对象程序设计Java/02_原始资料/01_样卷与真题/面向对象程序设计Java_真题_2010-2011第一学期Java程序设计A卷.pdf,2010-2011第一学期java程序设计A卷.pdf,/Users/jerry/Downloads/复习/2010-2011第一学期java程序设计A卷.pdf,未计算（大小唯一）,0.29
179,面向对象程序设计Java,原始资料,真题,面向对象程序设计Java_真题_2012-2013第一学期Java程序设计A卷.pdf,/Users/jerry/Desktop/期末复习/资料库/04_面向对象程序设计Java/02_原始资料/01_样卷与真题/面向对象程序设计Java_真题_2012-2013第一学期Java程序设计A卷.pdf,2012-2013第一学期java程序设计A卷.pdf,/Users/jerry/Downloads/复习/2012-2013第一学期java程序设计A卷.pdf,未计算（大小唯一）,0.27
180,面向对象程序设计Java,原始资料,真题,面向对象程序设计Java_真题_2012-2013第一学期Java程序设计B卷.pdf,/Users/jerry/Desktop/期末复习/资料库/04_面向对象程序设计Java/02_原始资料/01_样卷与真题/面向对象程序设计Java_真题_2012-2013第一学期Java程序设计B卷.pdf,2012-2013第一学期java程序设计B卷.pdf,/Users/jerry/Downloads/复习/2012-2013第一学期java程序设计B卷.pdf,未计算（大小唯一）,0.30
181,面向对象程序设计Java,原始资料,真题,面向对象程序设计Java_真题_Java-24真题.pdf,/Users/jerry/Desktop/期末复习/资料库/04_面向对象程序设计Java/02_原始资料/01_样卷与真题/面向对象程序设计Java_真题_Java-24真题.pdf,Java-24真题.pdf,/Users/jerry/Desktop/期末复习/面向对象程序设计Java/源文件/Java-24真题.pdf,ba851844a16f5a2635a0ccc21b4264647cdf502213390497df1b45beea5dc053,5.34
182,面向对象程序设计Java,原始资料,真题,面向对象程序设计Java_真题_Java程序设计2023-2024.pdf,/Users/jerry/Desktop/期末复习/资料库/04_面向对象程序设计Java/02_原始资料/01_样卷与真题/面向对象程序设计Java_真题_Java程序设计2023-2024.pdf,Java程序设计2023-2024.pdf,/Users/jerry/Downloads/复习/Java程序设计2023-2024.pdf,未计算（大小唯一）,0.22
183,面向对象程序设计Java,原始资料,真题,面向对象程序设计Java_真题_Java练习题1.pdf,/Users/jerry/Desktop/期末复习/资料库/04_面向对象程序设计Java/02_原始资料/01_样卷与真题/面向对象程序设计Java_真题_Java练习题1.pdf,java练习题1.pdf,/Users/jerry/Downloads/复习/23年真题/java练习题1.pdf,未计算（大小唯一）,0.59
184,面向对象程序设计Java,原始资料,真题,面向对象程序设计Java_真题_Java语言程序设计2022-2023.pdf,/Users/jerry/Desktop/期末复习/资料库/04_面向对象程序设计Java/02_原始资料/01_样卷与真题/面向对象程序设计Java_真题_Java语言程序设计2022-2023.pdf,Java语言程序设计2022-2023.pdf,/Users/jerry/Downloads/复习/Java语言程序设计2022-2023.pdf,未计算（大小唯一）,0.13
185,面向对象程序设计Java,原始资料,真题,面向对象程序设计Java_真题_Java语言程序设计2023-2024.pdf,/Users/jerry/Desktop/期末复习/资料库/04_面向对象程序设计Java/02_原始资料/01_样卷与真题/面向对象程序设计Java_真题_Java语言程序设计2023-2024.pdf,Java语言程序设计2023-2024.pdf,/Users/jerry/Downloads/复习/Java语言程序设计2023-2024.pdf,未计算（大小唯一）,0.09
186,面向对象程序设计Java,原始资料,真题,面向对象程序设计Java_真题_Java面向对象程序设计.docx,/Users/jerry/Desktop/期末复习/资料库/04_面向对象程序设计Java/02_原始资料/01_样卷与真题/面向对象程序设计Java_真题_Java面向对象程序设计.docx,Java面向对象程序设计.docx,/Users/jerry/Downloads/复习/23年真题/Java面向对象程序设计.docx,未计算（大小唯一）,0.13
187,面向对象程序设计Java,原始资料,真题,面向对象程序设计Java_真题_软件学院Java期末考试.pdf,/Users/jerry/Desktop/期末复习/资料库/04_面向对象程序设计Java/02_原始资料/01_样卷与真题/面向对象程序设计Java_真题_软件学院Java期末考试.pdf,软件学院Java期末考试.pdf,/Users/jerry/Downloads/复习/软件学院Java期末考试.pdf,未计算（大小唯一）,3.14
188,面向对象程序设计Java,原始资料,笔记总结,Java期末复习参考.pdf,/Users/jerry/Desktop/期末复习/资料库/04_面向对象程序设计Java/02_原始资料/05_笔记与总结/Java期末复习参考.pdf,Java期末复习参考.pdf,/Users/jerry/Downloads/大一下期末/Java期末复习参考.pdf,未计算（大小唯一）,1.63
189,面向对象程序设计Java,原始资料,笔记总结,面向对象程序设计Java_笔记总结_Java复习参考.pdf,/Users/jerry/Desktop/期末复习/资料库/04_面向对象程序设计Java/02_原始资料/05_笔记与总结/面向对象程序设计Java_笔记总结_Java复习参考.pdf,Java复习参考.pdf,/Users/jerry/Downloads/复习/Java复习参考.pdf,未计算（大小唯一）,0.23
190,面向对象程序设计Java,原始资料,课件,面向对象程序设计Java_课件_第1章Java概述.pptx,/Users/jerry/Desktop/期末复习/资料库/04_面向对象程序设计Java/02_原始资料/02_课件/面向对象程序设计Java_课件_第1章Java概述.pptx,第1章 Java概述.pptx,/Users/jerry/Downloads/复习/第1章 Java概述.pptx,未计算（大小唯一）,2.42
191,面向对象程序设计Java,原始资料,课件,面向对象程序设计Java_课件_第2章Java语法基础.pptx,/Users/jerry/Desktop/期末复习/资料库/04_面向对象程序设计Java/02_原始资料/02_课件/面向对象程序设计Java_课件_第2章Java语法基础.pptx,第2章 Java语法基础.pptx,/Users/jerry/Downloads/复习/第2章 Java语法基础.pptx,未计算（大小唯一）,1.42
192,面向对象程序设计Java,原始资料,课件,面向对象程序设计Java_课件_第3章面向对象基础.pptx,/Users/jerry/Desktop/期末复习/资料库/04_面向对象程序设计Java/02_原始资料/02_课件/面向对象程序设计Java_课件_第3章面向对象基础.pptx,第3章 面向对象基础.pptx,/Users/jerry/Downloads/复习/第3章 面向对象基础.pptx,未计算（大小唯一）,3.28
193,面向对象程序设计Java,原始资料,课件,面向对象程序设计Java_课件_第4章面向对象高级技术.pptx,/Users/jerry/Desktop/期末复习/资料库/04_面向对象程序设计Java/02_原始资料/02_课件/面向对象程序设计Java_课件_第4章面向对象高级技术.pptx,第4章 面向对象高级技术.pptx,/Users/jerry/Downloads/复习/第4章 面向对象高级技术.pptx,未计算（大小唯一）,3.23
194,面向对象程序设计Java,原始资料,课件,面向对象程序设计Java_课件_第5章JavaAPI.pptx,/Users/jerry/Desktop/期末复习/资料库/04_面向对象程序设计Java/02_原始资料/02_课件/面向对象程序设计Java_课件_第5章JavaAPI.pptx,第5章 Java API.pptx,/Users/jerry/Downloads/复习/第5章 Java API.pptx,未计算（大小唯一）,4.01
195,面向对象程序设计Java,原始资料,课件,面向对象程序设计Java_课件_第6章异常处理机制.pptx,/Users/jerry/Desktop/期末复习/资料库/04_面向对象程序设计Java/02_原始资料/02_课件/面向对象程序设计Java_课件_第6章异常处理机制.pptx,第6章 异常处理机制.pptx,/Users/jerry/Downloads/复习/第6章 异常处理机制.pptx,未计算（大小唯一）,1.29
196,面向对象程序设计Java,原始资料,课件,面向对象程序设计Java_课件_第7章JavaIO流.pptx,/Users/jerry/Desktop/期末复习/资料库/04_面向对象程序设计Java/02_原始资料/02_课件/面向对象程序设计Java_课件_第7章JavaIO流.pptx,第7章 Java IO流.pptx,/Users/jerry/Downloads/复习/第7章 Java IO流.pptx,未计算（大小唯一）,2.83
197,面向对象程序设计Java,原始资料,课件,面向对象程序设计Java_课件_第8章多线程.pptx,/Users/jerry/Desktop/期末复习/资料库/04_面向对象程序设计Java/02_原始资料/02_课件/面向对象程序设计Java_课件_第8章多线程.pptx,第8章 多线程.pptx,/Users/jerry/Downloads/复习/第8章 多线程.pptx,未计算（大小唯一）,3.17
198,面向对象程序设计Java,原始资料,课件,面向对象程序设计Java_课件_第9章JavaGUI编程.pptx,/Users/jerry/Desktop/期末复习/资料库/04_面向对象程序设计Java/02_原始资料/02_课件/面向对象程序设计Java_课件_第9章JavaGUI编程.pptx,第9章 Java GUI编程.pptx,/Users/jerry/Downloads/复习/第9章 Java GUI编程.pptx,未计算（大小唯一）,1.72
199,面向对象程序设计Java,原始资料,题库练习,面向对象程序设计Java_题库练习_Java复习题.docx,/Users/jerry/Desktop/期末复习/资料库/04_面向对象程序设计Java/02_原始资料/03_题库与练习/面向对象程序设计Java_题库练习_Java复习题.docx,Java复习题.docx,/Users/jerry/Downloads/复习/Java复习题.docx,未计算（大小唯一）,0.02
200,面向对象程序设计Java,原始资料,题库练习,面向对象程序设计Java_题库练习_Java选择题题库.pdf,/Users/jerry/Desktop/期末复习/资料库/04_面向对象程序设计Java/02_原始资料/03_题库与练习/面向对象程序设计Java_题库练习_Java选择题题库.pdf,java选择题题库.pdf,/Users/jerry/Downloads/复习/java选择题题库.pdf,未计算（大小唯一）,0.28
201,面向对象程序设计Java,原始资料,题库练习,面向对象程序设计Java_题库练习_Java重要编程题.pdf,/Users/jerry/Desktop/期末复习/资料库/04_面向对象程序设计Java/02_原始资料/03_题库与练习/面向对象程序设计Java_题库练习_Java重要编程题.pdf,JAVA重要编程题.pdf,/Users/jerry/Downloads/复习/JAVA重要编程题.pdf,未计算（大小唯一）,0.29
202,面向对象程序设计Java,原始资料,题库练习,面向对象程序设计Java_题库练习_编程题目.txt,/Users/jerry/Desktop/期末复习/资料库/04_面向对象程序设计Java/02_原始资料/03_题库与练习/面向对象程序设计Java_题库练习_编程题目.txt,编程题目.txt,/Users/jerry/Downloads/复习/编程题目.txt,未计算（大小唯一）,0.01
203,面向对象程序设计Java,成品复习包,成品复习包,面向对象程序设计Java_期末复习包.zip,/Users/jerry/Desktop/期末复习/资料库/04_面向对象程序设计Java/00_成品复习包/面向对象程序设计Java_期末复习包.zip,面向对象程序设计Java.zip,/Users/jerry/Desktop/期末复习/面向对象程序设计Java.zip,未计算（大小唯一）,5.22
204,面向对象程序设计Java,成品复习包,成品复习包,面向对象程序设计Java_模拟卷一_含答案解析.pdf,/Users/jerry/Desktop/期末复习/资料库/04_面向对象程序设计Java/00_成品复习包/面向对象程序设计Java_模拟卷一_含答案解析.pdf,面向对象程序设计_模拟卷一_含答案解析.pdf,/Users/jerry/Desktop/期末复习/面向对象程序设计Java/面向对象程序设计_模拟卷一_含答案解析.pdf,未计算（大小唯一）,0.18
205,面向对象程序设计Java,成品复习包,成品复习包,面向对象程序设计Java_模拟卷二_含答案解析.pdf,/Users/jerry/Desktop/期末复习/资料库/04_面向对象程序设计Java/00_成品复习包/面向对象程序设计Java_模拟卷二_含答案解析.pdf,面向对象程序设计_模拟卷二_含答案解析.pdf,/Users/jerry/Desktop/期末复习/面向对象程序设计Java/面向对象程序设计_模拟卷二_含答案解析.pdf,未计算（大小唯一）,0.17
206,面向对象程序设计Java,成品复习包,成品复习包,面向对象程序设计Java_考前复习知识点讲义.pdf,/Users/jerry/Desktop/期末复习/资料库/04_面向对象程序设计Java/00_成品复习包/面向对象程序设计Java_考前复习知识点讲义.pdf,面向对象程序设计_考前复习知识点讲义.pdf,/Users/jerry/Desktop/期末复习/面向对象程序设计Java/面向对象程序设计_考前复习知识点讲义.pdf,未计算（大小唯一）,0.24
207,面向对象程序设计Java,知识点库,知识点库,Java期末复习参考.md,/Users/jerry/Desktop/期末复习/资料库/04_面向对象程序设计Java/01_知识点库/Java期末复习参考.md,Java期末复习参考.md,/Users/jerry/Downloads/大一下期末/Java期末复习参考.md,未计算（大小唯一）,0.02
208,高等数学A（二）,原始资料,压缩包,高数.zip,/Users/jerry/Desktop/期末复习/资料库/01_高等数学A（二）/02_原始资料/99_压缩包/高数.zip,高数.zip,/Users/jerry/Downloads/复习/高数.zip,未计算（大小唯一）,32.67
209,高等数学A（二）,原始资料,教材题解,高数下册(同济六版)复习资料.doc,/Users/jerry/Desktop/期末复习/资料库/01_高等数学A（二）/02_原始资料/04_教材与题解/高数下册(同济六版)复习资料.doc,高数下册(同济六版)复习资料.doc,/Users/jerry/Downloads/复习/高数下册(同济六版)复习资料.doc,未计算（大小唯一）,0.71
210,高等数学A（二）,原始资料,源文件,高等数学A（二）_考前复习知识点讲义.tex,/Users/jerry/Desktop/期末复习/资料库/01_高等数学A（二）/02_原始资料/90_源文件/高等数学A（二）_考前复习知识点讲义.tex,高等数学A（二）_考前复习知识点讲义.tex,/Users/jerry/Desktop/期末复习/高等数学A（二）/源文件/高等数学A（二）_考前复习知识点讲义.tex,未计算（大小唯一）,0.02
211,高等数学A（二）,原始资料,真题,高等数学A（二）_真题_2019-2020期末卷_合集含A-B卷.pdf,/Users/jerry/Desktop/期末复习/资料库/01_高等数学A（二）/02_原始资料/01_样卷与真题/高等数学A（二）_真题_2019-2020期末卷_合集含A-B卷.pdf,高数下-往年真题.pdf,/Users/jerry/Downloads/大一下期末/高数下-往年真题.pdf,4fe76596a13818f5df9fbe20e7f9b3a3fffa945723547f9f55ca1a4209aa5684,5.41
212,高等数学A（二）,原始资料,真题,高等数学A（二）_真题_2022-2023期末卷_A卷.pdf,/Users/jerry/Desktop/期末复习/资料库/01_高等数学A（二）/02_原始资料/01_样卷与真题/高等数学A（二）_真题_2022-2023期末卷_A卷.pdf,高数题（较新）.pdf,/Users/jerry/Downloads/复习/高数题（较新）.pdf,未计算（大小唯一）,0.45
213,高等数学A（二）,原始资料,真题,高等数学A（二）_真题_2024-2025期末卷_A卷.pdf,/Users/jerry/Desktop/期末复习/资料库/01_高等数学A（二）/02_原始资料/01_样卷与真题/高等数学A（二）_真题_2024-2025期末卷_A卷.pdf,2024-2025期末卷.pdf,/Users/jerry/Downloads/大一下期末/2024-2025期末卷.pdf,未计算（大小唯一）,0.36
214,高等数学A（二）,原始资料,真题,高等数学A（二）_真题_软件学院23级高数(二).pdf,/Users/jerry/Desktop/期末复习/资料库/01_高等数学A（二）/02_原始资料/01_样卷与真题/高等数学A（二）_真题_软件学院23级高数(二).pdf,软件学院  23级高数（二） (1).pdf,/Users/jerry/Downloads/大一下期末/软件学院  23级高数（二） (1).pdf,b4e236e88f7581dad4e1e7f689a463d036df71be0a3eb5f7a0d99b734be19949,0.17
215,高等数学A（二）,原始资料,笔记总结,微分方程自总结V3.pdf,/Users/jerry/Desktop/期末复习/资料库/01_高等数学A（二）/02_原始资料/05_笔记与总结/微分方程自总结V3.pdf,微分方程自总结V3.pdf,/Users/jerry/Downloads/大一下期末/微分方程自总结V3.pdf,f31de526725ded060e6ee62c7a4afa408165499512c870add8815189004b1e28,1.22
216,高等数学A（二）,原始资料,笔记总结,高等数学A（二）_笔记总结_微分方程.docx,/Users/jerry/Desktop/期末复习/资料库/01_高等数学A（二）/02_原始资料/05_笔记与总结/高等数学A（二）_笔记总结_微分方程.docx,微分方程.docx,/Users/jerry/Downloads/复习/高数/微分方程.docx,未计算（大小唯一）,0.86
217,高等数学A（二）,原始资料,笔记总结,高等数学A（二）_笔记总结_高等数学A(二).pdf,/Users/jerry/Desktop/期末复习/资料库/01_高等数学A（二）/02_原始资料/05_笔记与总结/高等数学A（二）_笔记总结_高等数学A(二).pdf,高等数学A（二）.pdf,/Users/jerry/Downloads/复习/高等数学A（二）.pdf,未计算（大小唯一）,0.38
218,高等数学A（二）,原始资料,课件,高等数学A（二）_课件_7-5可降阶高阶方程.ppt,/Users/jerry/Desktop/期末复习/资料库/01_高等数学A（二）/02_原始资料/02_课件/高等数学A（二）_课件_7-5可降阶高阶方程.ppt,7-5可降阶高阶方程.ppt,/Users/jerry/Downloads/复习/高数/7-5可降阶高阶方程.ppt,未计算（大小唯一）,1.72
219,高等数学A（二）,原始资料,课件,高等数学A（二）_课件_8-1向量及其线性运算.ppt,/Users/jerry/Desktop/期末复习/资料库/01_高等数学A（二）/02_原始资料/02_课件/高等数学A（二）_课件_8-1向量及其线性运算.ppt,8-1向量及其线性运算(1).ppt,/Users/jerry/Downloads/复习/高数/8-1向量及其线性运算(1).ppt,未计算（大小唯一）,2.71
220,高等数学A（二）,原始资料,课件,高等数学A（二）_课件_8-2点积叉积.ppt,/Users/jerry/Desktop/期末复习/资料库/01_高等数学A（二）/02_原始资料/02_课件/高等数学A（二）_课件_8-2点积叉积.ppt,8-2点积叉积(1).ppt,/Users/jerry/Downloads/复习/高数/8-2点积叉积(1).ppt,未计算（大小唯一）,2.51
221,高等数学A（二）,原始资料,课件,高等数学A（二）_课件_8-3平面方程.ppt,/Users/jerry/Desktop/期末复习/资料库/01_高等数学A（二）/02_原始资料/02_课件/高等数学A（二）_课件_8-3平面方程.ppt,8-3平面方程(1).ppt,/Users/jerry/Downloads/复习/高数/8-3平面方程(1).ppt,未计算（大小唯一）,2.03
222,高等数学A（二）,原始资料,课件,高等数学A（二）_课件_8-4空间直线.ppt,/Users/jerry/Desktop/期末复习/资料库/01_高等数学A（二）/02_原始资料/02_课件/高等数学A（二）_课件_8-4空间直线.ppt,8-4空间直线.ppt,/Users/jerry/Downloads/复习/高数/8-4空间直线.ppt,未计算（大小唯一）,2.50
223,高等数学A（二）,原始资料,课件,高等数学A（二）_课件_8-5曲面及其方程.ppt,/Users/jerry/Desktop/期末复习/资料库/01_高等数学A（二）/02_原始资料/02_课件/高等数学A（二）_课件_8-5曲面及其方程.ppt,8-5曲面及其方程(1).ppt,/Users/jerry/Downloads/复习/高数/8-5曲面及其方程(1).ppt,未计算（大小唯一）,3.07
224,高等数学A（二）,原始资料,课件,高等数学A（二）_课件_8-6空间曲线.ppt,/Users/jerry/Desktop/期末复习/资料库/01_高等数学A（二）/02_原始资料/02_课件/高等数学A（二）_课件_8-6空间曲线.ppt,8-6空间曲线(1).ppt,/Users/jerry/Downloads/复习/高数/8-6空间曲线(1).ppt,未计算（大小唯一）,1.42
225,高等数学A（二）,原始资料,课件,高等数学A（二）_课件_D10-1二重积分概念.ppt,/Users/jerry/Desktop/期末复习/资料库/01_高等数学A（二）/02_原始资料/02_课件/高等数学A（二）_课件_D10-1二重积分概念.ppt,D10-1二重积分概念.ppt,/Users/jerry/Downloads/复习/高数/D10-1二重积分概念.ppt,未计算（大小唯一）,2.21
226,高等数学A（二）,原始资料,课件,高等数学A（二）_课件_D10-2二重积分计算.ppt,/Users/jerry/Desktop/期末复习/资料库/01_高等数学A（二）/02_原始资料/02_课件/高等数学A（二）_课件_D10-2二重积分计算.ppt,D10-2二重积分计算.ppt,/Users/jerry/Downloads/复习/高数/D10-2二重积分计算.ppt,未计算（大小唯一）,3.04
227,高等数学A（二）,原始资料,课件,高等数学A（二）_课件_D10-3三重积分(2).ppt,/Users/jerry/Desktop/期末复习/资料库/01_高等数学A（二）/02_原始资料/02_课件/高等数学A（二）_课件_D10-3三重积分(2).ppt,D10-3三重积分(2).ppt,/Users/jerry/Downloads/复习/高数/D10-3三重积分(2).ppt,未计算（大小唯一）,2.04
228,高等数学A（二）,原始资料,课件,高等数学A（二）_课件_D10-3三重积分.ppt,/Users/jerry/Desktop/期末复习/资料库/01_高等数学A（二）/02_原始资料/02_课件/高等数学A（二）_课件_D10-3三重积分.ppt,D10-3三重积分(1).ppt,/Users/jerry/Downloads/复习/高数/D10-3三重积分(1).ppt,未计算（大小唯一）,2.17
229,高等数学A（二）,原始资料,课件,高等数学A（二）_课件_D10-4重积分的应用(删减版).ppt,/Users/jerry/Desktop/期末复习/资料库/01_高等数学A（二）/02_原始资料/02_课件/高等数学A（二）_课件_D10-4重积分的应用(删减版).ppt,D10-4重积分的应用(删减版).ppt,/Users/jerry/Downloads/复习/高数/D10-4重积分的应用(删减版).ppt,未计算（大小唯一）,1.27
230,高等数学A（二）,原始资料,课件,高等数学A（二）_课件_D11-1对弧长的曲线积分.ppt,/Users/jerry/Desktop/期末复习/资料库/01_高等数学A（二）/02_原始资料/02_课件/高等数学A（二）_课件_D11-1对弧长的曲线积分.ppt,D11-1对弧长的曲线积分.ppt,/Users/jerry/Downloads/复习/高数/D11-1对弧长的曲线积分.ppt,未计算（大小唯一）,2.02
231,高等数学A（二）,原始资料,课件,高等数学A（二）_课件_D11-2对坐标的曲线积分.ppt,/Users/jerry/Desktop/期末复习/资料库/01_高等数学A（二）/02_原始资料/02_课件/高等数学A（二）_课件_D11-2对坐标的曲线积分.ppt,D11-2对坐标的曲线积分.ppt,/Users/jerry/Downloads/复习/高数/D11-2对坐标的曲线积分.ppt,未计算（大小唯一）,2.39
232,高等数学A（二）,原始资料,课件,高等数学A（二）_课件_D11-2对坐标的曲线积分_02.ppt,/Users/jerry/Desktop/期末复习/资料库/01_高等数学A（二）/02_原始资料/02_课件/高等数学A（二）_课件_D11-2对坐标的曲线积分_02.ppt,D11-2对坐标的曲线积分 (1).ppt,/Users/jerry/Downloads/复习/高数/D11-2对坐标的曲线积分 (1).ppt,未计算（大小唯一）,2.40
233,高等数学A（二）,原始资料,课件,高等数学A（二）_课件_D11-3格林公式(2)(精简版).ppt,/Users/jerry/Desktop/期末复习/资料库/01_高等数学A（二）/02_原始资料/02_课件/高等数学A（二）_课件_D11-3格林公式(2)(精简版).ppt,D11-3格林公式(2)(精简版).ppt,/Users/jerry/Downloads/复习/高数/D11-3格林公式(2)(精简版).ppt,未计算（大小唯一）,1.00
234,高等数学A（二）,原始资料,课件,高等数学A（二）_课件_D11-3格林公式.ppt,/Users/jerry/Desktop/期末复习/资料库/01_高等数学A（二）/02_原始资料/02_课件/高等数学A（二）_课件_D11-3格林公式.ppt,D11-3格林公式(1).ppt,/Users/jerry/Downloads/复习/高数/D11-3格林公式(1).ppt,未计算（大小唯一）,1.92
235,高等数学A（二）,原始资料,课件,高等数学A（二）_课件_D11-4对面积曲面积分(精简版).ppt,/Users/jerry/Desktop/期末复习/资料库/01_高等数学A（二）/02_原始资料/02_课件/高等数学A（二）_课件_D11-4对面积曲面积分(精简版).ppt,D11-4对面积曲面积分（精简版）.ppt,/Users/jerry/Downloads/复习/高数/D11-4对面积曲面积分（精简版）.ppt,未计算（大小唯一）,1.30
236,高等数学A（二）,原始资料,课件,高等数学A（二）_课件_D11-5对坐标曲面积分(精简版).ppt,/Users/jerry/Desktop/期末复习/资料库/01_高等数学A（二）/02_原始资料/02_课件/高等数学A（二）_课件_D11-5对坐标曲面积分(精简版).ppt,D11-5对坐标曲面积分(精简版).ppt,/Users/jerry/Downloads/复习/高数/D11-5对坐标曲面积分(精简版).ppt,未计算（大小唯一）,2.09
237,高等数学A（二）,原始资料,课件,高等数学A（二）_课件_D11-6高斯公式.ppt,/Users/jerry/Desktop/期末复习/资料库/01_高等数学A（二）/02_原始资料/02_课件/高等数学A（二）_课件_D11-6高斯公式.ppt,D11-6高斯公式.ppt,/Users/jerry/Downloads/复习/高数/D11-6高斯公式.ppt,未计算（大小唯一）,1.35
238,高等数学A（二）,原始资料,课件,"高等数学A（二）_课件_D7-1,2,3,4基本概念,可分离,齐次,线性微分方程.ppt","/Users/jerry/Desktop/期末复习/资料库/01_高等数学A（二）/02_原始资料/02_课件/高等数学A（二）_课件_D7-1,2,3,4基本概念,可分离,齐次,线性微分方程.ppt","D7-1,2,3，4基本概念，可分离，齐次，线性微分方程.ppt","/Users/jerry/Downloads/复习/高数/D7-1,2,3，4基本概念，可分离，齐次，线性微分方程.ppt",未计算（大小唯一）,1.25
239,高等数学A（二）,原始资料,课件,"高等数学A（二）_课件_D7-6,7,8高阶线性,二阶线性常系数齐次.ppt","/Users/jerry/Desktop/期末复习/资料库/01_高等数学A（二）/02_原始资料/02_课件/高等数学A（二）_课件_D7-6,7,8高阶线性,二阶线性常系数齐次.ppt",D7-6，7，8 高阶线性，二阶线性常系数齐次.ppt,/Users/jerry/Downloads/复习/高数/D7-6，7，8 高阶线性，二阶线性常系数齐次.ppt,未计算（大小唯一）,1.28
240,高等数学A（二）,原始资料,课件,"高等数学A（二）_课件_D7-8高阶线性,二阶线性常系数齐次.ppt","/Users/jerry/Desktop/期末复习/资料库/01_高等数学A（二）/02_原始资料/02_课件/高等数学A（二）_课件_D7-8高阶线性,二阶线性常系数齐次.ppt",D7-8 高阶线性，二阶线性常系数齐次.ppt,/Users/jerry/Downloads/复习/高数/D7-8 高阶线性，二阶线性常系数齐次.ppt,未计算（大小唯一）,2.45
241,高等数学A（二）,原始资料,课件,高等数学A（二）_课件_D8习题课.ppt,/Users/jerry/Desktop/期末复习/资料库/01_高等数学A（二）/02_原始资料/02_课件/高等数学A（二）_课件_D8习题课.ppt,D8习题课.ppt,/Users/jerry/Downloads/复习/高数/D8习题课.ppt,未计算（大小唯一）,1.70
242,高等数学A（二）,原始资料,课件,高等数学A（二）_课件_D9-1基本概念.ppt,/Users/jerry/Desktop/期末复习/资料库/01_高等数学A（二）/02_原始资料/02_课件/高等数学A（二）_课件_D9-1基本概念.ppt,D9-1基本概念.ppt,/Users/jerry/Downloads/复习/高数/D9-1基本概念.ppt,未计算（大小唯一）,3.15
243,高等数学A（二）,原始资料,课件,高等数学A（二）_课件_D9-2偏导数.ppt,/Users/jerry/Desktop/期末复习/资料库/01_高等数学A（二）/02_原始资料/02_课件/高等数学A（二）_课件_D9-2偏导数.ppt,D9-2偏导数(1).ppt,/Users/jerry/Downloads/复习/高数/D9-2偏导数(1).ppt,未计算（大小唯一）,2.22
244,高等数学A（二）,原始资料,课件,高等数学A（二）_课件_D9-3全微分.ppt,/Users/jerry/Desktop/期末复习/资料库/01_高等数学A（二）/02_原始资料/02_课件/高等数学A（二）_课件_D9-3全微分.ppt,D9-3全微分.ppt,/Users/jerry/Downloads/复习/高数/D9-3全微分.ppt,未计算（大小唯一）,1.90
245,高等数学A（二）,原始资料,课件,高等数学A（二）_课件_D9-4复合函数求导.ppt,/Users/jerry/Desktop/期末复习/资料库/01_高等数学A（二）/02_原始资料/02_课件/高等数学A（二）_课件_D9-4复合函数求导.ppt,D9-4复合函数求导.ppt,/Users/jerry/Downloads/复习/高数/D9-4复合函数求导.ppt,未计算（大小唯一）,2.15
246,高等数学A（二）,原始资料,课件,高等数学A（二）_课件_D9-5隐函数求导.ppt,/Users/jerry/Desktop/期末复习/资料库/01_高等数学A（二）/02_原始资料/02_课件/高等数学A（二）_课件_D9-5隐函数求导.ppt,D9-5隐函数求导.ppt,/Users/jerry/Downloads/复习/高数/D9-5隐函数求导.ppt,未计算（大小唯一）,1.79
247,高等数学A（二）,原始资料,课件,高等数学A（二）_课件_D9-6几何中的应用.ppt,/Users/jerry/Desktop/期末复习/资料库/01_高等数学A（二）/02_原始资料/02_课件/高等数学A（二）_课件_D9-6几何中的应用.ppt,D9-6几何中的应用.ppt,/Users/jerry/Downloads/复习/高数/D9-6几何中的应用.ppt,未计算（大小唯一）,2.00
248,高等数学A（二）,原始资料,课件,高等数学A（二）_课件_D9-7方向导数与梯度(精简版).ppt,/Users/jerry/Desktop/期末复习/资料库/01_高等数学A（二）/02_原始资料/02_课件/高等数学A（二）_课件_D9-7方向导数与梯度(精简版).ppt,D9-7方向导数与梯度（精简版）.ppt,/Users/jerry/Downloads/复习/高数/D9-7方向导数与梯度（精简版）.ppt,未计算（大小唯一）,1.28
249,高等数学A（二）,原始资料,课件,高等数学A（二）_课件_D9-8极值与最值.ppt,/Users/jerry/Desktop/期末复习/资料库/01_高等数学A（二）/02_原始资料/02_课件/高等数学A（二）_课件_D9-8极值与最值.ppt,D9-8极值与最值.ppt,/Users/jerry/Downloads/复习/高数/D9-8极值与最值.ppt,未计算（大小唯一）,3.26
250,高等数学A（二）,原始资料,课件,"高等数学A（二）_课件_总复习第7,6章.ppt","/Users/jerry/Desktop/期末复习/资料库/01_高等数学A（二）/02_原始资料/02_课件/高等数学A（二）_课件_总复习第7,6章.ppt",总复习第7，6章.ppt,/Users/jerry/Downloads/复习/高数/总复习第7，6章.ppt,未计算（大小唯一）,1.34
251,高等数学A（二）,原始资料,课件,高等数学A（二）_课件_第十一章总结.ppt,/Users/jerry/Desktop/期末复习/资料库/01_高等数学A（二）/02_原始资料/02_课件/高等数学A（二）_课件_第十一章总结.ppt,第十一章总结.ppt,/Users/jerry/Downloads/复习/高数/第十一章总结.ppt,未计算（大小唯一）,0.50
252,高等数学A（二）,原始资料,题库练习,高等数学A（二）_题库练习_第九章测试.docx,/Users/jerry/Desktop/期末复习/资料库/01_高等数学A（二）/02_原始资料/03_题库与练习/高等数学A（二）_题库练习_第九章测试.docx,第九章测试.docx,/Users/jerry/Downloads/复习/高数/第九章测试.docx,未计算（大小唯一）,0.04
253,高等数学A（二）,原始资料,题库练习,高等数学A（二）_题库练习_第八章自测.docx,/Users/jerry/Desktop/期末复习/资料库/01_高等数学A（二）/02_原始资料/03_题库与练习/高等数学A（二）_题库练习_第八章自测.docx,第八章自测.docx,/Users/jerry/Downloads/复习/高数/第八章自测.docx,未计算（大小唯一）,0.03
254,高等数学A（二）,原始资料,题库练习,高等数学A（二）_题库练习_第十章测试.docx,/Users/jerry/Desktop/期末复习/资料库/01_高等数学A（二）/02_原始资料/03_题库与练习/高等数学A（二）_题库练习_第十章测试.docx,第十章测试.docx,/Users/jerry/Downloads/复习/高数/第十章测试.docx,未计算（大小唯一）,0.05
255,高等数学A（二）,成品复习包,成品复习包,高等数学A（二）_期末复习包.zip,/Users/jerry/Desktop/期末复习/资料库/01_高等数学A（二）/00_成品复习包/高等数学A（二）_期末复习包.zip,高等数学A（二）.zip,/Users/jerry/Desktop/期末复习/高等数学A（二）.zip,未计算（大小唯一）,26.60
256,高等数学A（二）,成品复习包,成品复习包,高等数学A（二）_模拟卷一_含答案解析.pdf,/Users/jerry/Desktop/期末复习/资料库/01_高等数学A（二）/00_成品复习包/高等数学A（二）_模拟卷一_含答案解析.pdf,高等数学A（二）_模拟卷一_含答案解析.pdf,/Users/jerry/Desktop/期末复习/高等数学A（二）/高等数学A（二）_模拟卷一_含答案解析.pdf,未计算（大小唯一）,13.26
257,高等数学A（二）,成品复习包,成品复习包,高等数学A（二）_模拟卷二_含答案解析.pdf,/Users/jerry/Desktop/期末复习/资料库/01_高等数学A（二）/00_成品复习包/高等数学A（二）_模拟卷二_含答案解析.pdf,高等数学A（二）_模拟卷二_含答案解析.pdf,/Users/jerry/Desktop/期末复习/高等数学A（二）/高等数学A（二）_模拟卷二_含答案解析.pdf,未计算（大小唯一）,13.26
258,高等数学A（二）,成品复习包,成品复习包,高等数学A（二）_考前复习知识点讲义.pdf,/Users/jerry/Desktop/期末复习/资料库/01_高等数学A（二）/00_成品复习包/高等数学A（二）_考前复习知识点讲义.pdf,高等数学A（二）_考前复习知识点讲义.pdf,/Users/jerry/Desktop/期末复习/高等数学A（二）/高等数学A（二）_考前复习知识点讲义.pdf,未计算（大小唯一）,0.23
